,createDt,deathCnt,defCnt,gubun,gubunCn,gubunEn,incDec,isolClearCnt,localOccCnt,overFlowCnt,qurRate,seq,stdDay,updateDt
0,2020-04-10 09:00:00.000,208,10450,합계,合计,Total,27,6871,17,10,20.16,1558,2020년 04월 10일 00시,2021-09-16 10:11:33.897
1,2020-04-10 09:00:00.000,2,595,서울,首尔,Seoul,5,178,3,2,6.11,1557,2020년 04월 10일 00시,2021-09-16 10:11:33.897
2,2020-04-10 09:00:00.000,3,126,부산,釜山,Busan,1,97,0,1,3.69,1556,2020년 04월 10일 00시,2021-09-16 10:11:33.897
3,2020-04-10 09:00:00.000,142,6807,대구,大邱,Daegu,0,5027,0,0,279.38,1555,2020년 04월 10일 00시,2021-09-16 10:11:33.897
4,2020-04-10 09:00:00.000,0,85,인천,仁川,Incheon,1,30,1,0,2.88,1554,2020년 04월 10일 00시,2021-09-16 10:11:33.897
5,2020-04-10 09:00:00.000,0,27,광주,光州,Gwangju,0,15,0,0,1.85,1553,2020년 04월 10일 00시,2021-09-16 10:11:33.897
6,2020-04-10 09:00:00.000,0,39,대전,大田,Daejeon,0,21,0,0,2.65,1552,2020년 04월 10일 00시,2021-09-16 10:11:33.897
7,2020-04-10 09:00:00.000,1,40,울산,蔚山,Ulsan,0,26,0,0,3.49,1551,2020년 04월 10일 00시,2021-09-16 10:11:33.897
8,2020-04-10 09:00:00.000,0,46,세종,世宗,Sejong,0,17,0,0,13.44,1550,2020년 04월 10일 00시,2021-09-16 10:11:33.897
9,2020-04-10 09:00:00.000,11,615,경기,京畿,Gyeonggi-do,9,261,6,3,4.64,1549,2020년 04월 10일 00시,2021-09-16 10:11:33.897
10,2020-04-10 09:00:00.000,1,49,강원,江原,Gangwon-do,0,23,0,0,3.18,1548,2020년 04월 10일 00시,2021-09-16 10:11:33.897
11,2020-04-10 09:00:00.000,0,45,충북,忠北,Chungcheongbuk-do,0,28,0,0,2.81,1547,2020년 04월 10일 00시,2021-09-16 10:11:33.897
12,2020-04-10 09:00:00.000,0,138,충남,忠南,Chungcheongnam-do,0,103,0,0,6.50,1546,2020년 04월 10일 00시,2021-09-16 10:11:33.897
13,2020-04-10 09:00:00.000,0,17,전북,全北,Jeollabuk-do,0,8,0,0,0.94,1545,2020년 04월 10일 00시,2021-09-16 10:11:33.897
14,2020-04-10 09:00:00.000,0,15,전남,全南,Jeollanam-do,0,4,0,0,0.80,1544,2020년 04월 10일 00시,2021-09-16 10:11:33.897
15,2020-04-10 09:00:00.000,48,1327,경북,庆北,Gyeongsangbuk-do,7,946,7,0,49.84,1543,2020년 04월 10일 00시,2021-09-16 10:11:33.897
16,2020-04-10 09:00:00.000,0,115,경남,庆南,Gyeongsangnam-do,0,79,0,0,3.42,1542,2020년 04월 10일 00시,2021-09-16 10:11:33.897
17,2020-04-10 09:00:00.000,0,12,제주,济州,Jeju,0,4,0,0,1.79,1541,2020년 04월 10일 00시,2021-09-16 10:11:33.897
18,2020-04-10 09:00:00.000,0,352,검역,隔離區,Lazaretto,4,4,0,4,0.00,1540,2020년 04월 10일 00시,2021-09-16 10:11:33.897
19,2020-04-09 09:00:00.000,204,10423,합계,合计,Total,39,6715,13,26,20.10,1539,2020년 04월 09일 00시,2021-09-16 10:11:33.897
20,2020-04-09 09:00:00.000,2,590,서울,首尔,Seoul,12,168,3,9,6.06,1538,2020년 04월 09일 00시,2021-09-16 10:11:33.897
21,2020-04-09 09:00:00.000,3,125,부산,釜山,Busan,0,96,0,0,3.66,1537,2020년 04월 09일 00시,2021-09-16 10:11:33.897
22,2020-04-09 09:00:00.000,139,6807,대구,大邱,Daegu,4,4936,4,0,279.38,1536,2020년 04월 09일 00시,2021-09-16 10:11:33.897
23,2020-04-09 09:00:00.000,0,84,인천,仁川,Incheon,0,27,0,0,2.84,1535,2020년 04월 09일 00시,2021-09-16 10:11:33.897
24,2020-04-09 09:00:00.000,0,27,광주,光州,Gwangju,0,15,0,0,1.85,1534,2020년 04월 09일 00시,2021-09-16 10:11:33.897
25,2020-04-09 09:00:00.000,0,39,대전,大田,Daejeon,0,19,0,0,2.65,1533,2020년 04월 09일 00시,2021-09-16 10:11:33.897
26,2020-04-09 09:00:00.000,1,40,울산,蔚山,Ulsan,0,26,0,0,3.49,1532,2020년 04월 09일 00시,2021-09-16 10:11:33.897
27,2020-04-09 09:00:00.000,0,46,세종,世宗,Sejong,0,13,0,0,13.44,1531,2020년 04월 09일 00시,2021-09-16 10:11:33.897
28,2020-04-09 09:00:00.000,11,606,경기,京畿,Gyeonggi-do,10,251,5,5,4.57,1530,2020년 04월 09일 00시,2021-09-16 10:11:33.897
29,2020-04-09 09:00:00.000,1,49,강원,江原,Gangwon-do,0,22,0,0,3.18,1529,2020년 04월 09일 00시,2021-09-16 10:11:33.897
30,2020-04-09 09:00:00.000,0,45,충북,忠北,Chungcheongbuk-do,0,28,0,0,2.81,1528,2020년 04월 09일 00시,2021-09-16 10:11:33.897
31,2020-04-09 09:00:00.000,0,138,충남,忠南,Chungcheongnam-do,1,103,0,1,6.50,1527,2020년 04월 09일 00시,2021-09-16 10:11:33.897
32,2020-04-09 09:00:00.000,0,17,전북,全北,Jeollabuk-do,0,7,0,0,0.94,1526,2020년 04월 09일 00시,2021-09-16 10:11:33.897
33,2020-04-09 09:00:00.000,0,15,전남,全南,Jeollanam-do,0,4,0,0,0.80,1525,2020년 04월 09일 00시,2021-09-16 10:11:33.897
34,2020-04-09 09:00:00.000,47,1320,경북,庆北,Gyeongsangbuk-do,0,913,0,0,49.58,1524,2020년 04월 09일 00시,2021-09-16 10:11:33.897
35,2020-04-09 09:00:00.000,0,115,경남,庆南,Gyeongsangnam-do,2,79,1,1,3.42,1523,2020년 04월 09일 00시,2021-09-16 10:11:33.897
36,2020-04-09 09:00:00.000,0,12,제주,济州,Jeju,0,4,0,0,1.79,1522,2020년 04월 09일 00시,2021-09-16 10:11:33.897
37,2020-04-09 09:00:00.000,0,348,검역,隔離區,Lazaretto,10,4,0,10,0.00,1521,2020년 04월 09일 00시,2021-09-16 10:11:33.897
38,2020-04-08 09:00:00.000,200,10384,합계,合计,Total,53,6530,23,30,20.03,1520,2020년 04월 08일 00시,2021-09-16 10:11:33.897
39,2020-04-08 09:00:00.000,2,578,서울,首尔,Seoul,11,163,3,8,5.94,1519,2020년 04월 08일 00시,2021-09-16 10:11:33.897
40,2020-04-08 09:00:00.000,3,125,부산,釜山,Busan,2,93,0,2,3.66,1518,2020년 04월 08일 00시,2021-09-16 10:11:33.897
41,2020-04-08 09:00:00.000,137,6803,대구,大邱,Daegu,9,4800,9,0,279.21,1517,2020년 04월 08일 00시,2021-09-16 10:11:33.897
42,2020-04-08 09:00:00.000,0,84,인천,仁川,Incheon,4,23,1,3,2.84,1516,2020년 04월 08일 00시,2021-09-16 10:11:33.897
43,2020-04-08 09:00:00.000,0,27,광주,光州,Gwangju,0,15,0,0,1.85,1515,2020년 04월 08일 00시,2021-09-16 10:11:33.897
44,2020-04-08 09:00:00.000,0,39,대전,大田,Daejeon,0,19,0,0,2.65,1514,2020년 04월 08일 00시,2021-09-16 10:11:33.897
45,2020-04-08 09:00:00.000,1,40,울산,蔚山,Ulsan,0,26,0,0,3.49,1513,2020년 04월 08일 00시,2021-09-16 10:11:33.897
46,2020-04-08 09:00:00.000,0,46,세종,世宗,Sejong,0,12,0,0,13.44,1512,2020년 04월 08일 00시,2021-09-16 10:11:33.897
47,2020-04-08 09:00:00.000,10,596,경기,京畿,Gyeonggi-do,6,231,4,2,4.50,1511,2020년 04월 08일 00시,2021-09-16 10:11:33.897
48,2020-04-08 09:00:00.000,1,49,강원,江原,Gangwon-do,2,22,2,0,3.18,1510,2020년 04월 08일 00시,2021-09-16 10:11:33.897
49,2020-04-08 09:00:00.000,0,45,충북,忠北,Chungcheongbuk-do,0,27,0,0,2.81,1509,2020년 04월 08일 00시,2021-09-16 10:11:33.897
50,2020-04-08 09:00:00.000,0,137,충남,忠南,Chungcheongnam-do,0,103,0,0,6.45,1508,2020년 04월 08일 00시,2021-09-16 10:11:33.897
51,2020-04-08 09:00:00.000,0,17,전북,全北,Jeollabuk-do,1,7,0,1,0.94,1507,2020년 04월 08일 00시,2021-09-16 10:11:33.897
52,2020-04-08 09:00:00.000,0,15,전남,全南,Jeollanam-do,0,4,0,0,0.80,1506,2020년 04월 08일 00시,2021-09-16 10:11:33.897
53,2020-04-08 09:00:00.000,46,1320,경북,庆北,Gyeongsangbuk-do,3,900,3,0,49.58,1505,2020년 04월 08일 00시,2021-09-16 10:11:33.897
54,2020-04-08 09:00:00.000,0,113,경남,庆南,Gyeongsangnam-do,1,77,1,0,3.36,1504,2020년 04월 08일 00시,2021-09-16 10:11:33.897
55,2020-04-08 09:00:00.000,0,12,제주,济州,Jeju,0,4,0,0,1.79,1503,2020년 04월 08일 00시,2021-09-16 10:11:33.897
56,2020-04-08 09:00:00.000,0,338,검역,隔離區,Lazaretto,14,4,0,14,0.00,1502,2020년 04월 08일 00시,2021-09-16 10:11:33.897
57,2020-04-07 09:00:00.000,192,10331,합계,合计,Total,47,6451,23,24,19.93,1501,2020년 04월 07일 00시,2021-09-16 10:11:33.897
58,2020-04-07 09:00:00.000,0,567,서울,首尔,Seoul,4,156,1,3,5.83,1500,2020년 04월 07일 00시,2021-09-16 10:11:33.897
59,2020-04-07 09:00:00.000,3,123,부산,釜山,Busan,1,90,0,1,3.61,1499,2020년 04월 07일 00시,2021-09-16 10:11:33.897
60,2020-04-07 09:00:00.000,134,6794,대구,大邱,Daegu,13,4760,12,1,278.84,1498,2020년 04월 07일 00시,2021-09-16 10:11:33.897
61,2020-04-07 09:00:00.000,0,80,인천,仁川,Incheon,0,23,0,0,2.71,1497,2020년 04월 07일 00시,2021-09-16 10:11:33.897
62,2020-04-07 09:00:00.000,0,27,광주,光州,Gwangju,0,15,0,0,1.85,1496,2020년 04월 07일 00시,2021-09-16 10:11:33.897
63,2020-04-07 09:00:00.000,0,39,대전,大田,Daejeon,0,19,0,0,2.65,1495,2020년 04월 07일 00시,2021-09-16 10:11:33.897
64,2020-04-07 09:00:00.000,1,40,울산,蔚山,Ulsan,0,26,0,0,3.49,1494,2020년 04월 07일 00시,2021-09-16 10:11:33.897
65,2020-04-07 09:00:00.000,0,46,세종,世宗,Sejong,0,11,0,0,13.44,1493,2020년 04월 07일 00시,2021-09-16 10:11:33.897
66,2020-04-07 09:00:00.000,7,590,경기,京畿,Gyeonggi-do,10,219,7,3,4.45,1492,2020년 04월 07일 00시,2021-09-16 10:11:33.897
67,2020-04-07 09:00:00.000,1,47,강원,江原,Gangwon-do,2,22,0,2,3.05,1491,2020년 04월 07일 00시,2021-09-16 10:11:33.897
68,2020-04-07 09:00:00.000,0,45,충북,忠北,Chungcheongbuk-do,0,27,0,0,2.81,1490,2020년 04월 07일 00시,2021-09-16 10:11:33.897
69,2020-04-07 09:00:00.000,0,137,충남,忠南,Chungcheongnam-do,1,102,1,0,6.45,1489,2020년 04월 07일 00시,2021-09-16 10:11:33.897
70,2020-04-07 09:00:00.000,0,16,전북,全北,Jeollabuk-do,0,7,0,0,0.88,1488,2020년 04월 07일 00시,2021-09-16 10:11:33.897
71,2020-04-07 09:00:00.000,0,15,전남,全南,Jeollanam-do,0,4,0,0,0.80,1487,2020년 04월 07일 00시,2021-09-16 10:11:33.897
72,2020-04-07 09:00:00.000,46,1317,경북,庆北,Gyeongsangbuk-do,1,886,1,0,49.46,1486,2020년 04월 07일 00시,2021-09-16 10:11:33.897
73,2020-04-07 09:00:00.000,0,112,경남,庆南,Gyeongsangnam-do,1,77,1,0,3.33,1485,2020년 04월 07일 00시,2021-09-16 10:11:33.897
74,2020-04-07 09:00:00.000,0,12,제주,济州,Jeju,0,4,0,0,1.79,1484,2020년 04월 07일 00시,2021-09-16 10:11:33.897
75,2020-04-07 09:00:00.000,0,324,검역,隔離區,Lazaretto,14,3,0,14,0.00,1483,2020년 04월 07일 00시,2021-09-16 10:11:33.897
76,2020-04-06 09:00:00.000,186,10284,합계,合计,Total,47,6359,25,22,19.84,1482,2020년 04월 06일 00시,2021-09-16 10:11:33.897
77,2020-04-06 09:00:00.000,0,563,서울,首尔,Seoul,11,145,2,9,5.78,1481,2020년 04월 06일 00시,2021-09-16 10:11:33.897
78,2020-04-06 09:00:00.000,3,122,부산,釜山,Busan,0,89,0,0,3.58,1480,2020년 04월 06일 00시,2021-09-16 10:11:33.897
79,2020-04-06 09:00:00.000,129,6781,대구,大邱,Daegu,13,4709,12,1,278.31,1479,2020년 04월 06일 00시,2021-09-16 10:11:33.897
80,2020-04-06 09:00:00.000,0,80,인천,仁川,Incheon,1,23,1,0,2.71,1478,2020년 04월 06일 00시,2021-09-16 10:11:33.897
81,2020-04-06 09:00:00.000,0,27,광주,光州,Gwangju,0,15,0,0,1.85,1477,2020년 04월 06일 00시,2021-09-16 10:11:33.897
82,2020-04-06 09:00:00.000,0,39,대전,大田,Daejeon,2,18,0,2,2.65,1476,2020년 04월 06일 00시,2021-09-16 10:11:33.897
83,2020-04-06 09:00:00.000,1,40,울산,蔚山,Ulsan,0,25,0,0,3.49,1475,2020년 04월 06일 00시,2021-09-16 10:11:33.897
84,2020-04-06 09:00:00.000,0,46,세종,世宗,Sejong,0,11,0,0,13.44,1474,2020년 04월 06일 00시,2021-09-16 10:11:33.897
85,2020-04-06 09:00:00.000,7,580,경기,京畿,Gyeonggi-do,8,208,5,3,4.38,1473,2020년 04월 06일 00시,2021-09-16 10:11:33.897
86,2020-04-06 09:00:00.000,1,45,강원,江原,Gangwon-do,0,21,0,0,2.92,1472,2020년 04월 06일 00시,2021-09-16 10:11:33.897
87,2020-04-06 09:00:00.000,0,45,충북,忠北,Chungcheongbuk-do,0,27,0,0,2.81,1471,2020년 04월 06일 00시,2021-09-16 10:11:33.897
88,2020-04-06 09:00:00.000,0,136,충남,忠南,Chungcheongnam-do,1,99,1,0,6.41,1470,2020년 04월 06일 00시,2021-09-16 10:11:33.897
89,2020-04-06 09:00:00.000,0,16,전북,全北,Jeollabuk-do,0,7,0,0,0.88,1469,2020년 04월 06일 00시,2021-09-16 10:11:33.897
90,2020-04-06 09:00:00.000,0,15,전남,全南,Jeollanam-do,0,4,0,0,0.80,1468,2020년 04월 06일 00시,2021-09-16 10:11:33.897
91,2020-04-06 09:00:00.000,45,1316,경북,庆北,Gyeongsangbuk-do,2,874,2,0,49.43,1467,2020년 04월 06일 00시,2021-09-16 10:11:33.897
92,2020-04-06 09:00:00.000,0,111,경남,庆南,Gyeongsangnam-do,2,77,2,0,3.30,1466,2020년 04월 06일 00시,2021-09-16 10:11:33.897
93,2020-04-06 09:00:00.000,0,12,제주,济州,Jeju,0,4,0,0,1.79,1465,2020년 04월 06일 00시,2021-09-16 10:11:33.897
94,2020-04-06 09:00:00.000,0,310,검역,隔離區,Lazaretto,7,3,0,7,0.00,1464,2020년 04월 06일 00시,2021-09-16 10:11:33.897
95,2020-04-05 09:00:00.000,183,10237,합계,合计,Total,81,6227,31,50,19.74,1463,2020년 04월 05일 00시,2021-09-16 10:11:33.897
96,2020-04-05 09:00:00.000,0,552,서울,首尔,Seoul,24,139,11,13,5.67,1462,2020년 04월 05일 00시,2021-09-16 10:11:33.897
97,2020-04-05 09:00:00.000,3,122,부산,釜山,Busan,0,89,0,0,3.58,1461,2020년 04월 05일 00시,2021-09-16 10:11:33.897
98,2020-04-05 09:00:00.000,127,6768,대구,大邱,Daegu,7,4618,6,1,277.78,1460,2020년 04월 05일 00시,2021-09-16 10:11:33.897
99,2020-04-05 09:00:00.000,0,79,인천,仁川,Incheon,2,22,1,1,2.67,1459,2020년 04월 05일 00시,2021-09-16 10:11:33.897
100,2020-04-05 09:00:00.000,0,27,광주,光州,Gwangju,1,15,0,1,1.85,1458,2020년 04월 05일 00시,2021-09-16 10:11:33.897
101,2020-04-05 09:00:00.000,0,37,대전,大田,Daejeon,1,17,0,1,2.51,1457,2020년 04월 05일 00시,2021-09-16 10:11:33.897
102,2020-04-05 09:00:00.000,1,40,울산,蔚山,Ulsan,0,25,0,0,3.49,1456,2020년 04월 05일 00시,2021-09-16 10:11:33.897
103,2020-04-05 09:00:00.000,0,46,세종,世宗,Sejong,0,11,0,0,13.44,1455,2020년 04월 05일 00시,2021-09-16 10:11:33.897
104,2020-04-05 09:00:00.000,7,572,경기,京畿,Gyeonggi-do,10,203,5,5,4.32,1454,2020년 04월 05일 00시,2021-09-16 10:11:33.897
105,2020-04-05 09:00:00.000,1,45,강원,江原,Gangwon-do,3,21,2,1,2.92,1453,2020년 04월 05일 00시,2021-09-16 10:11:33.897
106,2020-04-05 09:00:00.000,0,45,충북,忠北,Chungcheongbuk-do,0,26,0,0,2.81,1452,2020년 04월 05일 00시,2021-09-16 10:11:33.897
107,2020-04-05 09:00:00.000,0,135,충남,忠南,Chungcheongnam-do,0,99,0,0,6.36,1451,2020년 04월 05일 00시,2021-09-16 10:11:33.897
108,2020-04-05 09:00:00.000,0,16,전북,全北,Jeollabuk-do,1,7,1,0,0.88,1450,2020년 04월 05일 00시,2021-09-16 10:11:33.897
109,2020-04-05 09:00:00.000,0,15,전남,全南,Jeollanam-do,0,4,0,0,0.80,1449,2020년 04월 05일 00시,2021-09-16 10:11:33.897
110,2020-04-05 09:00:00.000,44,1314,경북,庆北,Gyeongsangbuk-do,4,850,4,0,49.35,1448,2020년 04월 05일 00시,2021-09-16 10:11:33.897
111,2020-04-05 09:00:00.000,0,109,경남,庆南,Gyeongsangnam-do,1,74,0,1,3.24,1447,2020년 04월 05일 00시,2021-09-16 10:11:33.897
112,2020-04-05 09:00:00.000,0,12,제주,济州,Jeju,3,4,1,2,1.79,1446,2020년 04월 05일 00시,2021-09-16 10:11:33.897
113,2020-04-05 09:00:00.000,0,303,검역,隔離區,Lazaretto,24,3,0,24,0.00,1445,2020년 04월 05일 00시,2021-09-16 10:11:33.897
114,2020-04-04 09:00:00.000,177,10156,합계,合计,Total,94,6084,53,41,19.59,1444,2020년 04월 04일 00시,2021-09-16 10:11:33.897
115,2020-04-04 09:00:00.000,0,528,서울,首尔,Seoul,22,138,6,16,5.42,1443,2020년 04월 04일 00시,2021-09-16 10:11:33.897
116,2020-04-04 09:00:00.000,3,122,부산,釜山,Busan,0,89,0,0,3.58,1442,2020년 04월 04일 00시,2021-09-16 10:11:33.897
117,2020-04-04 09:00:00.000,122,6761,대구,大邱,Daegu,27,4515,25,2,277.49,1441,2020년 04월 04일 00시,2021-09-16 10:11:33.897
118,2020-04-04 09:00:00.000,0,77,인천,仁川,Incheon,3,19,0,3,2.60,1440,2020년 04월 04일 00시,2021-09-16 10:11:33.897
119,2020-04-04 09:00:00.000,0,26,광주,光州,Gwangju,0,15,0,0,1.78,1439,2020년 04월 04일 00시,2021-09-16 10:11:33.897
120,2020-04-04 09:00:00.000,0,36,대전,大田,Daejeon,0,17,0,0,2.44,1438,2020년 04월 04일 00시,2021-09-16 10:11:33.897
121,2020-04-04 09:00:00.000,1,40,울산,蔚山,Ulsan,0,23,0,0,3.49,1437,2020년 04월 04일 00시,2021-09-16 10:11:33.897
122,2020-04-04 09:00:00.000,0,46,세종,世宗,Sejong,0,11,0,0,13.44,1436,2020년 04월 04일 00시,2021-09-16 10:11:33.897
123,2020-04-04 09:00:00.000,6,562,경기,京畿,Gyeonggi-do,23,193,18,5,4.24,1435,2020년 04월 04일 00시,2021-09-16 10:11:33.897
124,2020-04-04 09:00:00.000,1,42,강원,江原,Gangwon-do,1,20,1,0,2.73,1434,2020년 04월 04일 00시,2021-09-16 10:11:33.897
125,2020-04-04 09:00:00.000,0,45,충북,忠北,Chungcheongbuk-do,0,26,0,0,2.81,1433,2020년 04월 04일 00시,2021-09-16 10:11:33.897
126,2020-04-04 09:00:00.000,0,135,충남,忠南,Chungcheongnam-do,1,99,1,0,6.36,1432,2020년 04월 04일 00시,2021-09-16 10:11:33.897
127,2020-04-04 09:00:00.000,0,15,전북,全北,Jeollabuk-do,0,7,0,0,0.83,1431,2020년 04월 04일 00시,2021-09-16 10:11:33.897
128,2020-04-04 09:00:00.000,0,15,전남,全南,Jeollanam-do,0,4,0,0,0.80,1430,2020년 04월 04일 00시,2021-09-16 10:11:33.897
129,2020-04-04 09:00:00.000,44,1310,경북,庆北,Gyeongsangbuk-do,1,830,1,0,49.20,1429,2020년 04월 04일 00시,2021-09-16 10:11:33.897
130,2020-04-04 09:00:00.000,0,108,경남,庆南,Gyeongsangnam-do,1,72,1,0,3.21,1428,2020년 04월 04일 00시,2021-09-16 10:11:33.897
131,2020-04-04 09:00:00.000,0,9,제주,济州,Jeju,0,4,0,0,1.34,1427,2020년 04월 04일 00시,2021-09-16 10:11:33.897
132,2020-04-04 09:00:00.000,0,279,검역,隔離區,Lazaretto,15,2,0,15,0.00,1426,2020년 04월 04일 00시,2021-09-16 10:11:33.897
133,2020-04-03 09:00:00.000,174,10062,합계,合计,Total,86,5789,37,49,19.41,1425,2020년 04월 03일 00시,2021-09-16 10:11:33.897
134,2020-04-03 09:00:00.000,0,506,서울,首尔,Seoul,18,126,5,13,5.20,1424,2020년 04월 03일 00시,2021-09-16 10:11:33.897
135,2020-04-03 09:00:00.000,3,122,부산,釜山,Busan,0,88,0,0,3.58,1423,2020년 04월 03일 00시,2021-09-16 10:11:33.897
136,2020-04-03 09:00:00.000,121,6734,대구,大邱,Daegu,9,4286,8,1,276.38,1422,2020년 04월 03일 00시,2021-09-16 10:11:33.897
137,2020-04-03 09:00:00.000,0,74,인천,仁川,Incheon,1,18,1,0,2.50,1421,2020년 04월 03일 00시,2021-09-16 10:11:33.897
138,2020-04-03 09:00:00.000,0,26,광주,光州,Gwangju,1,15,0,1,1.78,1420,2020년 04월 03일 00시,2021-09-16 10:11:33.897
139,2020-04-03 09:00:00.000,0,36,대전,大田,Daejeon,0,17,0,0,2.44,1419,2020년 04월 03일 00시,2021-09-16 10:11:33.897
140,2020-04-03 09:00:00.000,1,40,울산,蔚山,Ulsan,0,20,0,0,3.49,1418,2020년 04월 03일 00시,2021-09-16 10:11:33.897
141,2020-04-03 09:00:00.000,0,46,세종,世宗,Sejong,0,8,0,0,13.44,1417,2020년 04월 03일 00시,2021-09-16 10:11:33.897
142,2020-04-03 09:00:00.000,6,539,경기,京畿,Gyeonggi-do,23,180,17,6,4.07,1416,2020년 04월 03일 00시,2021-09-16 10:11:33.897
143,2020-04-03 09:00:00.000,1,41,강원,江原,Gangwon-do,2,20,2,0,2.66,1415,2020년 04월 03일 00시,2021-09-16 10:11:33.897
144,2020-04-03 09:00:00.000,0,45,충북,忠北,Chungcheongbuk-do,1,24,0,1,2.81,1414,2020년 04월 03일 00시,2021-09-16 10:11:33.897
145,2020-04-03 09:00:00.000,0,134,충남,忠南,Chungcheongnam-do,1,94,1,0,6.31,1413,2020년 04월 03일 00시,2021-09-16 10:11:33.897
146,2020-04-03 09:00:00.000,0,15,전북,全北,Jeollabuk-do,1,7,0,1,0.83,1412,2020년 04월 03일 00시,2021-09-16 10:11:33.897
147,2020-04-03 09:00:00.000,0,15,전남,全南,Jeollanam-do,1,3,0,1,0.80,1411,2020년 04월 03일 00시,2021-09-16 10:11:33.897
148,2020-04-03 09:00:00.000,42,1309,경북,庆北,Gyeongsangbuk-do,5,810,3,2,49.16,1410,2020년 04월 03일 00시,2021-09-16 10:11:33.897
149,2020-04-03 09:00:00.000,0,107,경남,庆南,Gyeongsangnam-do,1,68,0,1,3.18,1409,2020년 04월 03일 00시,2021-09-16 10:11:33.897
150,2020-04-03 09:00:00.000,0,9,제주,济州,Jeju,0,3,0,0,1.34,1408,2020년 04월 03일 00시,2021-09-16 10:11:33.897
151,2020-04-03 09:00:00.000,0,264,검역,隔離區,Lazaretto,22,2,0,22,0.00,1407,2020년 04월 03일 00시,2021-09-16 10:11:33.897
152,2020-04-02 09:00:00.000,169,9976,합계,合计,Total,89,5609,43,46,19.24,1406,2020년 04월 02일 00시,2021-09-16 10:11:33.897
153,2020-04-02 09:00:00.000,0,488,서울,首尔,Seoul,14,122,3,11,5.01,1405,2020년 04월 02일 00시,2021-09-16 10:11:33.897
154,2020-04-02 09:00:00.000,3,122,부산,釜山,Busan,0,87,0,0,3.58,1404,2020년 04월 02일 00시,2021-09-16 10:11:33.897
155,2020-04-02 09:00:00.000,117,6725,대구,大邱,Daegu,21,4145,20,1,276.01,1403,2020년 04월 02일 00시,2021-09-16 10:11:33.897
156,2020-04-02 09:00:00.000,0,73,인천,仁川,Incheon,4,18,3,1,2.47,1402,2020년 04월 02일 00시,2021-09-16 10:11:33.897
157,2020-04-02 09:00:00.000,0,25,광주,光州,Gwangju,1,14,0,1,1.72,1401,2020년 04월 02일 00시,2021-09-16 10:11:33.897
158,2020-04-02 09:00:00.000,0,36,대전,大田,Daejeon,0,17,0,0,2.44,1400,2020년 04월 02일 00시,2021-09-16 10:11:33.897
159,2020-04-02 09:00:00.000,1,40,울산,蔚山,Ulsan,1,20,0,1,3.49,1399,2020년 04월 02일 00시,2021-09-16 10:11:33.897
160,2020-04-02 09:00:00.000,0,46,세종,世宗,Sejong,0,8,0,0,13.44,1398,2020년 04월 02일 00시,2021-09-16 10:11:33.897
161,2020-04-02 09:00:00.000,6,516,경기,京畿,Gyeonggi-do,18,174,10,8,3.89,1397,2020년 04월 02일 00시,2021-09-16 10:11:33.897
162,2020-04-02 09:00:00.000,1,39,강원,江原,Gangwon-do,1,20,0,1,2.53,1396,2020년 04월 02일 00시,2021-09-16 10:11:33.897
163,2020-04-02 09:00:00.000,0,44,충북,忠北,Chungcheongbuk-do,0,22,0,0,2.75,1395,2020년 04월 02일 00시,2021-09-16 10:11:33.897
164,2020-04-02 09:00:00.000,0,133,충남,忠南,Chungcheongnam-do,2,93,2,0,6.27,1394,2020년 04월 02일 00시,2021-09-16 10:11:33.897
165,2020-04-02 09:00:00.000,0,14,전북,全北,Jeollabuk-do,0,7,0,0,0.77,1393,2020년 04월 02일 00시,2021-09-16 10:11:33.897
166,2020-04-02 09:00:00.000,0,14,전남,全南,Jeollanam-do,2,3,0,2,0.75,1392,2020년 04월 02일 00시,2021-09-16 10:11:33.897
167,2020-04-02 09:00:00.000,41,1304,경북,庆北,Gyeongsangbuk-do,2,787,1,1,48.98,1391,2020년 04월 02일 00시,2021-09-16 10:11:33.897
168,2020-04-02 09:00:00.000,0,106,경남,庆南,Gyeongsangnam-do,6,67,4,2,3.15,1390,2020년 04월 02일 00시,2021-09-16 10:11:33.897
169,2020-04-02 09:00:00.000,0,9,제주,济州,Jeju,0,3,0,0,1.34,1389,2020년 04월 02일 00시,2021-09-16 10:11:33.897
170,2020-04-02 09:00:00.000,0,242,검역,隔離區,Lazaretto,17,2,0,17,0.00,1388,2020년 04월 02일 00시,2021-09-16 10:11:33.897
171,2020-04-01 09:00:00.000,165,9887,합계,合计,Total,101,5361,56,45,19.07,1387,2020년 04월 01일 00시,2021-09-16 10:11:33.897
172,2020-04-01 09:00:00.000,0,474,서울,首尔,Seoul,24,112,11,13,4.87,1386,2020년 04월 01일 00시,2021-09-16 10:11:33.897
173,2020-04-01 09:00:00.000,3,122,부산,釜山,Busan,3,87,0,3,3.58,1385,2020년 04월 01일 00시,2021-09-16 10:11:33.897
174,2020-04-01 09:00:00.000,115,6704,대구,大邱,Daegu,20,3943,20,0,275.15,1384,2020년 04월 01일 00시,2021-09-16 10:11:33.897
175,2020-04-01 09:00:00.000,0,69,인천,仁川,Incheon,5,17,1,4,2.33,1383,2020년 04월 01일 00시,2021-09-16 10:11:33.897
176,2020-04-01 09:00:00.000,0,24,광주,光州,Gwangju,4,14,1,3,1.65,1382,2020년 04월 01일 00시,2021-09-16 10:11:33.897
177,2020-04-01 09:00:00.000,0,36,대전,大田,Daejeon,0,17,0,0,2.44,1381,2020년 04월 01일 00시,2021-09-16 10:11:33.897
178,2020-04-01 09:00:00.000,1,39,울산,蔚山,Ulsan,0,19,0,0,3.40,1380,2020년 04월 01일 00시,2021-09-16 10:11:33.897
179,2020-04-01 09:00:00.000,0,46,세종,世宗,Sejong,0,8,0,0,13.44,1379,2020년 04월 01일 00시,2021-09-16 10:11:33.897
180,2020-04-01 09:00:00.000,6,498,경기,京畿,Gyeonggi-do,22,163,14,8,3.76,1378,2020년 04월 01일 00시,2021-09-16 10:11:33.897
181,2020-04-01 09:00:00.000,1,38,강원,江原,Gangwon-do,2,20,1,1,2.47,1377,2020년 04월 01일 00시,2021-09-16 10:11:33.897
182,2020-04-01 09:00:00.000,0,44,충북,忠北,Chungcheongbuk-do,0,22,0,0,2.75,1376,2020년 04월 01일 00시,2021-09-16 10:11:33.897
183,2020-04-01 09:00:00.000,0,131,충남,忠南,Chungcheongnam-do,3,89,2,1,6.17,1375,2020년 04월 01일 00시,2021-09-16 10:11:33.897
184,2020-04-01 09:00:00.000,0,14,전북,全北,Jeollabuk-do,1,7,1,0,0.77,1374,2020년 04월 01일 00시,2021-09-16 10:11:33.897
185,2020-04-01 09:00:00.000,0,12,전남,全南,Jeollanam-do,3,3,1,2,0.64,1373,2020년 04월 01일 00시,2021-09-16 10:11:33.897
186,2020-04-01 09:00:00.000,39,1302,경북,庆北,Gyeongsangbuk-do,2,772,2,0,48.90,1372,2020년 04월 01일 00시,2021-09-16 10:11:33.897
187,2020-04-01 09:00:00.000,0,100,경남,庆南,Gyeongsangnam-do,4,64,2,2,2.98,1371,2020년 04월 01일 00시,2021-09-16 10:11:33.897
188,2020-04-01 09:00:00.000,0,9,제주,济州,Jeju,0,3,0,0,1.34,1370,2020년 04월 01일 00시,2021-09-16 10:11:33.897
189,2020-04-01 09:00:00.000,0,225,검역,隔離區,Lazaretto,8,1,0,8,0.00,1369,2020년 04월 01일 00시,2021-09-16 10:11:33.897
190,2020-03-31 09:00:00.000,162,9786,합계,合计,Total,125,5206,88,37,18.87,1368,2020년 03월 31일 00시,2021-09-16 10:11:33.897
191,2020-03-31 09:00:00.000,0,450,서울,首尔,Seoul,24,103,17,7,4.62,1367,2020년 03월 31일 00시,2021-09-16 10:11:33.897
192,2020-03-31 09:00:00.000,3,119,부산,釜山,Busan,1,87,0,1,3.49,1366,2020년 03월 31일 00시,2021-09-16 10:11:33.897
193,2020-03-31 09:00:00.000,114,6684,대구,大邱,Daegu,60,3821,59,1,274.33,1365,2020년 03월 31일 00시,2021-09-16 10:11:33.897
194,2020-03-31 09:00:00.000,0,64,인천,仁川,Incheon,6,14,3,3,2.17,1364,2020년 03월 31일 00시,2021-09-16 10:11:33.897
195,2020-03-31 09:00:00.000,0,20,광주,光州,Gwangju,0,14,0,0,1.37,1363,2020년 03월 31일 00시,2021-09-16 10:11:33.897
196,2020-03-31 09:00:00.000,0,36,대전,大田,Daejeon,2,17,0,2,2.44,1362,2020년 03월 31일 00시,2021-09-16 10:11:33.897
197,2020-03-31 09:00:00.000,0,39,울산,蔚山,Ulsan,0,18,0,0,3.40,1361,2020년 03월 31일 00시,2021-09-16 10:11:33.897
198,2020-03-31 09:00:00.000,0,46,세종,世宗,Sejong,0,8,0,0,13.44,1360,2020년 03월 31일 00시,2021-09-16 10:11:33.897
199,2020-03-31 09:00:00.000,6,476,경기,京畿,Gyeonggi-do,13,161,7,6,3.59,1359,2020년 03월 31일 00시,2021-09-16 10:11:33.897
200,2020-03-31 09:00:00.000,1,36,강원,江原,Gangwon-do,0,20,0,0,2.34,1358,2020년 03월 31일 00시,2021-09-16 10:11:33.897
201,2020-03-31 09:00:00.000,0,44,충북,忠北,Chungcheongbuk-do,0,20,0,0,2.75,1357,2020년 03월 31일 00시,2021-09-16 10:11:33.897
202,2020-03-31 09:00:00.000,0,128,충남,忠南,Chungcheongnam-do,1,86,1,0,6.03,1356,2020년 03월 31일 00시,2021-09-16 10:11:33.897
203,2020-03-31 09:00:00.000,0,13,전북,全北,Jeollabuk-do,0,7,0,0,0.72,1355,2020년 03월 31일 00시,2021-09-16 10:11:33.897
204,2020-03-31 09:00:00.000,0,9,전남,全南,Jeollanam-do,0,3,0,0,0.48,1354,2020년 03월 31일 00시,2021-09-16 10:11:33.897
205,2020-03-31 09:00:00.000,38,1300,경북,庆北,Gyeongsangbuk-do,2,759,1,1,48.83,1353,2020년 03월 31일 00시,2021-09-16 10:11:33.897
206,2020-03-31 09:00:00.000,0,96,경남,庆南,Gyeongsangnam-do,1,64,0,1,2.86,1352,2020년 03월 31일 00시,2021-09-16 10:11:33.897
207,2020-03-31 09:00:00.000,0,9,제주,济州,Jeju,0,3,0,0,1.34,1351,2020년 03월 31일 00시,2021-09-16 10:11:33.897
208,2020-03-31 09:00:00.000,0,217,검역,隔離區,Lazaretto,15,1,0,15,0.00,1350,2020년 03월 31일 00시,2021-09-16 10:11:33.897
209,2020-03-30 09:00:00.000,158,9661,합계,合计,Total,78,5043,35,43,18.63,1349,2020년 03월 30일 00시,2021-09-16 10:11:33.897
210,2020-03-30 09:00:00.000,0,426,서울,首尔,Seoul,16,90,7,9,4.38,1348,2020년 03월 30일 00시,2021-09-16 10:11:33.897
211,2020-03-30 09:00:00.000,3,118,부산,釜山,Busan,1,87,0,1,3.46,1347,2020년 03월 30일 00시,2021-09-16 10:11:33.897
212,2020-03-30 09:00:00.000,111,6624,대구,大邱,Daegu,14,3716,13,1,271.87,1346,2020년 03월 30일 00시,2021-09-16 10:11:33.897
213,2020-03-30 09:00:00.000,0,58,인천,仁川,Incheon,0,13,0,0,1.96,1345,2020년 03월 30일 00시,2021-09-16 10:11:33.897
214,2020-03-30 09:00:00.000,0,20,광주,光州,Gwangju,0,13,0,0,1.37,1344,2020년 03월 30일 00시,2021-09-16 10:11:33.897
215,2020-03-30 09:00:00.000,0,34,대전,大田,Daejeon,0,16,0,0,2.31,1343,2020년 03월 30일 00시,2021-09-16 10:11:33.897
216,2020-03-30 09:00:00.000,0,39,울산,蔚山,Ulsan,0,18,0,0,3.40,1342,2020년 03월 30일 00시,2021-09-16 10:11:33.897
217,2020-03-30 09:00:00.000,0,46,세종,世宗,Sejong,0,8,0,0,13.44,1341,2020년 03월 30일 00시,2021-09-16 10:11:33.897
218,2020-03-30 09:00:00.000,5,463,경기,京畿,Gyeonggi-do,15,154,6,9,3.49,1340,2020년 03월 30일 00시,2021-09-16 10:11:33.897
219,2020-03-30 09:00:00.000,1,36,강원,江原,Gangwon-do,2,19,0,2,2.34,1339,2020년 03월 30일 00시,2021-09-16 10:11:33.897
220,2020-03-30 09:00:00.000,0,44,충북,忠北,Chungcheongbuk-do,3,20,1,2,2.75,1338,2020년 03월 30일 00시,2021-09-16 10:11:33.897
221,2020-03-30 09:00:00.000,0,127,충남,忠南,Chungcheongnam-do,0,81,0,0,5.98,1337,2020년 03월 30일 00시,2021-09-16 10:11:33.897
222,2020-03-30 09:00:00.000,0,13,전북,全北,Jeollabuk-do,1,7,0,1,0.72,1336,2020년 03월 30일 00시,2021-09-16 10:11:33.897
223,2020-03-30 09:00:00.000,0,9,전남,全南,Jeollanam-do,0,3,0,0,0.48,1335,2020년 03월 30일 00시,2021-09-16 10:11:33.897
224,2020-03-30 09:00:00.000,38,1298,경북,庆北,Gyeongsangbuk-do,11,732,8,3,48.75,1334,2020년 03월 30일 00시,2021-09-16 10:11:33.897
225,2020-03-30 09:00:00.000,0,95,경남,庆南,Gyeongsangnam-do,1,62,0,1,2.83,1333,2020년 03월 30일 00시,2021-09-16 10:11:33.897
226,2020-03-30 09:00:00.000,0,9,제주,济州,Jeju,1,3,0,1,1.34,1332,2020년 03월 30일 00시,2021-09-16 10:11:33.897
227,2020-03-30 09:00:00.000,0,202,검역,隔離區,Lazaretto,13,1,0,13,0.00,1331,2020년 03월 30일 00시,2021-09-16 10:11:33.897
228,2020-03-29 09:00:00.000,152,9583,합계,合计,Total,105,4857,38,67,18.48,1330,2020년 03월 29일 00시,2021-09-16 10:11:33.897
229,2020-03-29 09:00:00.000,0,410,서울,首尔,Seoul,20,90,6,14,4.21,1329,2020년 03월 29일 00시,2021-09-16 10:11:33.897
230,2020-03-29 09:00:00.000,3,117,부산,釜山,Busan,3,85,0,3,3.43,1328,2020년 03월 29일 00시,2021-09-16 10:11:33.897
231,2020-03-29 09:00:00.000,106,6610,대구,大邱,Daegu,23,3592,23,0,271.29,1327,2020년 03월 29일 00시,2021-09-16 10:11:33.897
232,2020-03-29 09:00:00.000,0,58,인천,仁川,Incheon,7,13,1,6,1.96,1326,2020년 03월 29일 00시,2021-09-16 10:11:33.897
233,2020-03-29 09:00:00.000,0,20,광주,光州,Gwangju,0,11,0,0,1.37,1325,2020년 03월 29일 00시,2021-09-16 10:11:33.897
234,2020-03-29 09:00:00.000,0,34,대전,大田,Daejeon,3,13,2,1,2.31,1324,2020년 03월 29일 00시,2021-09-16 10:11:33.897
235,2020-03-29 09:00:00.000,0,39,울산,蔚山,Ulsan,0,18,0,0,3.40,1323,2020년 03월 29일 00시,2021-09-16 10:11:33.897
236,2020-03-29 09:00:00.000,0,46,세종,世宗,Sejong,2,7,0,2,13.44,1322,2020년 03월 29일 00시,2021-09-16 10:11:33.897
237,2020-03-29 09:00:00.000,5,448,경기,京畿,Gyeonggi-do,15,141,3,12,3.38,1321,2020년 03월 29일 00시,2021-09-16 10:11:33.897
238,2020-03-29 09:00:00.000,1,34,강원,江原,Gangwon-do,2,18,0,2,2.21,1320,2020년 03월 29일 00시,2021-09-16 10:11:33.897
239,2020-03-29 09:00:00.000,0,41,충북,忠北,Chungcheongbuk-do,0,20,0,0,2.56,1319,2020년 03월 29일 00시,2021-09-16 10:11:33.897
240,2020-03-29 09:00:00.000,0,127,충남,忠南,Chungcheongnam-do,1,81,0,1,5.98,1318,2020년 03월 29일 00시,2021-09-16 10:11:33.897
241,2020-03-29 09:00:00.000,0,12,전북,全北,Jeollabuk-do,2,7,0,2,0.66,1317,2020년 03월 29일 00시,2021-09-16 10:11:33.897
242,2020-03-29 09:00:00.000,0,9,전남,全南,Jeollanam-do,1,3,0,1,0.48,1316,2020년 03월 29일 00시,2021-09-16 10:11:33.897
243,2020-03-29 09:00:00.000,37,1287,경북,庆北,Gyeongsangbuk-do,2,693,2,0,48.34,1315,2020년 03월 29일 00시,2021-09-16 10:11:33.897
244,2020-03-29 09:00:00.000,0,94,경남,庆南,Gyeongsangnam-do,3,61,1,2,2.80,1314,2020년 03월 29일 00시,2021-09-16 10:11:33.897
245,2020-03-29 09:00:00.000,0,8,제주,济州,Jeju,0,3,0,0,1.19,1313,2020년 03월 29일 00시,2021-09-16 10:11:33.897
246,2020-03-29 09:00:00.000,0,189,검역,隔離區,Lazaretto,21,1,0,21,0.00,1312,2020년 03월 29일 00시,2021-09-16 10:11:33.897
247,2020-03-28 09:00:00.000,144,9478,합계,合计,Total,146,4641,90,56,18.28,1311,2020년 03월 28일 00시,2021-09-16 10:11:33.897
248,2020-03-28 09:00:00.000,0,390,서울,首尔,Seoul,18,90,4,14,4.01,1310,2020년 03월 28일 00시,2021-09-16 10:11:33.897
249,2020-03-28 09:00:00.000,2,114,부산,釜山,Busan,1,81,0,1,3.34,1309,2020년 03월 28일 00시,2021-09-16 10:11:33.897
250,2020-03-28 09:00:00.000,101,6587,대구,大邱,Daegu,71,3433,70,1,270.35,1308,2020년 03월 28일 00시,2021-09-16 10:11:33.897
251,2020-03-28 09:00:00.000,0,51,인천,仁川,Incheon,5,12,2,3,1.73,1307,2020년 03월 28일 00시,2021-09-16 10:11:33.897
252,2020-03-28 09:00:00.000,0,20,광주,光州,Gwangju,0,11,0,0,1.37,1306,2020년 03월 28일 00시,2021-09-16 10:11:33.897
253,2020-03-28 09:00:00.000,0,31,대전,大田,Daejeon,0,9,0,0,2.10,1305,2020년 03월 28일 00시,2021-09-16 10:11:33.897
254,2020-03-28 09:00:00.000,0,39,울산,蔚山,Ulsan,0,18,0,0,3.40,1304,2020년 03월 28일 00시,2021-09-16 10:11:33.897
255,2020-03-28 09:00:00.000,0,44,세종,世宗,Sejong,0,6,0,0,12.85,1303,2020년 03월 28일 00시,2021-09-16 10:11:33.897
256,2020-03-28 09:00:00.000,5,433,경기,京畿,Gyeonggi-do,21,133,11,10,3.27,1302,2020년 03월 28일 00시,2021-09-16 10:11:33.897
257,2020-03-28 09:00:00.000,1,32,강원,江原,Gangwon-do,1,18,0,1,2.08,1301,2020년 03월 28일 00시,2021-09-16 10:11:33.897
258,2020-03-28 09:00:00.000,0,41,충북,忠北,Chungcheongbuk-do,0,20,0,0,2.56,1300,2020년 03월 28일 00시,2021-09-16 10:11:33.897
259,2020-03-28 09:00:00.000,0,126,충남,忠南,Chungcheongnam-do,2,79,1,1,5.94,1299,2020년 03월 28일 00시,2021-09-16 10:11:33.897
260,2020-03-28 09:00:00.000,0,10,전북,全北,Jeollabuk-do,0,7,0,0,0.55,1298,2020년 03월 28일 00시,2021-09-16 10:11:33.897
261,2020-03-28 09:00:00.000,0,8,전남,全南,Jeollanam-do,0,3,0,0,0.43,1297,2020년 03월 28일 00시,2021-09-16 10:11:33.897
262,2020-03-28 09:00:00.000,35,1285,경북,庆北,Gyeongsangbuk-do,2,657,2,0,48.26,1296,2020년 03월 28일 00시,2021-09-16 10:11:33.897
263,2020-03-28 09:00:00.000,0,91,경남,庆南,Gyeongsangnam-do,0,60,0,0,2.71,1295,2020년 03월 28일 00시,2021-09-16 10:11:33.897
264,2020-03-28 09:00:00.000,0,8,제주,济州,Jeju,1,3,0,1,1.19,1294,2020년 03월 28일 00시,2021-09-16 10:11:33.897
265,2020-03-28 09:00:00.000,0,168,검역,隔離區,Lazaretto,24,1,0,24,0.00,1293,2020년 03월 28일 00시,2021-09-16 10:11:33.897
266,2020-03-27 09:00:00.000,139,9332,합계,合计,Total,91,4367,57,34,18.00,1292,2020년 03월 27일 00시,2021-09-16 10:11:33.897
267,2020-03-27 09:00:00.000,0,372,서울,首尔,Seoul,12,85,4,8,3.82,1291,2020년 03월 27일 00시,2021-09-16 10:11:33.897
268,2020-03-27 09:00:00.000,2,113,부산,釜山,Busan,1,80,0,1,3.31,1290,2020년 03월 27일 00시,2021-09-16 10:11:33.897
269,2020-03-27 09:00:00.000,98,6516,대구,大邱,Daegu,34,3218,34,0,267.43,1289,2020년 03월 27일 00시,2021-09-16 10:11:33.897
270,2020-03-27 09:00:00.000,0,46,인천,仁川,Incheon,3,11,0,3,1.56,1288,2020년 03월 27일 00시,2021-09-16 10:11:33.897
271,2020-03-27 09:00:00.000,0,20,광주,光州,Gwangju,1,11,0,1,1.37,1287,2020년 03월 27일 00시,2021-09-16 10:11:33.897
272,2020-03-27 09:00:00.000,0,31,대전,大田,Daejeon,1,9,0,1,2.10,1286,2020년 03월 27일 00시,2021-09-16 10:11:33.897
273,2020-03-27 09:00:00.000,0,39,울산,蔚山,Ulsan,2,18,0,2,3.40,1285,2020년 03월 27일 00시,2021-09-16 10:11:33.897
274,2020-03-27 09:00:00.000,0,44,세종,世宗,Sejong,0,6,0,0,12.85,1284,2020년 03월 27일 00시,2021-09-16 10:11:33.897
275,2020-03-27 09:00:00.000,4,412,경기,京畿,Gyeonggi-do,11,126,9,2,3.11,1283,2020년 03월 27일 00시,2021-09-16 10:11:33.897
276,2020-03-27 09:00:00.000,1,31,강원,江原,Gangwon-do,0,18,0,0,2.01,1282,2020년 03월 27일 00시,2021-09-16 10:11:33.897
277,2020-03-27 09:00:00.000,0,41,충북,忠北,Chungcheongbuk-do,2,16,1,1,2.56,1281,2020년 03월 27일 00시,2021-09-16 10:11:33.897
278,2020-03-27 09:00:00.000,0,124,충남,忠南,Chungcheongnam-do,0,76,0,0,5.84,1280,2020년 03월 27일 00시,2021-09-16 10:11:33.897
279,2020-03-27 09:00:00.000,0,10,전북,全北,Jeollabuk-do,0,7,0,0,0.55,1279,2020년 03월 27일 00시,2021-09-16 10:11:33.897
280,2020-03-27 09:00:00.000,0,8,전남,全南,Jeollanam-do,0,3,0,0,0.43,1278,2020년 03월 27일 00시,2021-09-16 10:11:33.897
281,2020-03-27 09:00:00.000,34,1283,경북,庆北,Gyeongsangbuk-do,9,620,9,0,48.19,1277,2020년 03월 27일 00시,2021-09-16 10:11:33.897
282,2020-03-27 09:00:00.000,0,91,경남,庆南,Gyeongsangnam-do,1,59,0,1,2.71,1276,2020년 03월 27일 00시,2021-09-16 10:11:33.897
283,2020-03-27 09:00:00.000,0,7,제주,济州,Jeju,1,3,0,1,1.04,1275,2020년 03월 27일 00시,2021-09-16 10:11:33.897
284,2020-03-27 09:00:00.000,0,144,검역,隔離區,Lazaretto,13,1,0,13,0.00,1274,2020년 03월 27일 00시,2021-09-16 10:11:33.897
285,2020-03-26 09:00:00.000,131,9241,합계,合计,Total,104,4001,56,48,17.82,1273,2020년 03월 26일 00시,2021-09-16 10:11:33.897
286,2020-03-26 09:00:00.000,0,360,서울,首尔,Seoul,13,77,4,9,3.70,1272,2020년 03월 26일 00시,2021-09-16 10:11:33.897
287,2020-03-26 09:00:00.000,2,112,부산,釜山,Busan,0,75,0,0,3.28,1271,2020년 03월 26일 00시,2021-09-16 10:11:33.897
288,2020-03-26 09:00:00.000,94,6482,대구,大邱,Daegu,26,2945,26,0,266.04,1270,2020년 03월 26일 00시,2021-09-16 10:11:33.897
289,2020-03-26 09:00:00.000,0,43,인천,仁川,Incheon,1,9,0,1,1.45,1269,2020년 03월 26일 00시,2021-09-16 10:11:33.897
290,2020-03-26 09:00:00.000,0,19,광주,光州,Gwangju,0,11,0,0,1.30,1268,2020년 03월 26일 00시,2021-09-16 10:11:33.897
291,2020-03-26 09:00:00.000,0,30,대전,大田,Daejeon,6,6,4,2,2.04,1267,2020년 03월 26일 00시,2021-09-16 10:11:33.897
292,2020-03-26 09:00:00.000,0,37,울산,蔚山,Ulsan,0,18,0,0,3.23,1266,2020년 03월 26일 00시,2021-09-16 10:11:33.897
293,2020-03-26 09:00:00.000,0,44,세종,世宗,Sejong,0,5,0,0,12.85,1265,2020년 03월 26일 00시,2021-09-16 10:11:33.897
294,2020-03-26 09:00:00.000,4,401,경기,京畿,Gyeonggi-do,14,115,10,4,3.03,1264,2020년 03월 26일 00시,2021-09-16 10:11:33.897
295,2020-03-26 09:00:00.000,1,31,강원,江原,Gangwon-do,0,16,0,0,2.01,1263,2020년 03월 26일 00시,2021-09-16 10:11:33.897
296,2020-03-26 09:00:00.000,0,39,충북,忠北,Chungcheongbuk-do,1,13,0,1,2.44,1262,2020년 03월 26일 00시,2021-09-16 10:11:33.897
297,2020-03-26 09:00:00.000,0,124,충남,忠南,Chungcheongnam-do,1,68,0,1,5.84,1261,2020년 03월 26일 00시,2021-09-16 10:11:33.897
298,2020-03-26 09:00:00.000,0,10,전북,全北,Jeollabuk-do,0,7,0,0,0.55,1260,2020년 03월 26일 00시,2021-09-16 10:11:33.897
299,2020-03-26 09:00:00.000,0,8,전남,全南,Jeollanam-do,0,3,0,0,0.43,1259,2020년 03월 26일 00시,2021-09-16 10:11:33.897
300,2020-03-26 09:00:00.000,30,1274,경북,庆北,Gyeongsangbuk-do,12,576,12,0,47.85,1258,2020년 03월 26일 00시,2021-09-16 10:11:33.897
301,2020-03-26 09:00:00.000,0,90,경남,庆南,Gyeongsangnam-do,0,54,0,0,2.68,1257,2020년 03월 26일 00시,2021-09-16 10:11:33.897
302,2020-03-26 09:00:00.000,0,6,제주,济州,Jeju,0,3,0,0,0.89,1256,2020년 03월 26일 00시,2021-09-16 10:11:33.897
303,2020-03-26 09:00:00.000,0,131,검역,隔離區,Lazaretto,30,0,0,30,0.00,1255,2020년 03월 26일 00시,2021-09-16 10:11:33.897
304,2020-03-25 09:00:00.000,126,9137,합계,合计,Total,100,3606,42,58,17.62,1254,2020년 03월 25일 00시,2021-09-16 10:11:33.897
305,2020-03-25 09:00:00.000,0,347,서울,首尔,Seoul,13,68,4,9,3.57,1253,2020년 03월 25일 00시,2021-09-16 10:11:33.897
306,2020-03-25 09:00:00.000,1,112,부산,釜山,Busan,1,73,0,1,3.28,1252,2020년 03월 25일 00시,2021-09-16 10:11:33.897
307,2020-03-25 09:00:00.000,92,6456,대구,大邱,Daegu,14,2659,14,0,264.97,1251,2020년 03월 25일 00시,2021-09-16 10:11:33.897
308,2020-03-25 09:00:00.000,0,42,인천,仁川,Incheon,1,8,0,1,1.42,1250,2020년 03월 25일 00시,2021-09-16 10:11:33.897
309,2020-03-25 09:00:00.000,0,19,광주,光州,Gwangju,0,11,0,0,1.30,1249,2020년 03월 25일 00시,2021-09-16 10:11:33.897
310,2020-03-25 09:00:00.000,0,24,대전,大田,Daejeon,0,6,0,0,1.63,1248,2020년 03월 25일 00시,2021-09-16 10:11:33.897
311,2020-03-25 09:00:00.000,0,37,울산,蔚山,Ulsan,1,17,0,1,3.23,1247,2020년 03월 25일 00시,2021-09-16 10:11:33.897
312,2020-03-25 09:00:00.000,0,44,세종,世宗,Sejong,2,2,1,1,12.85,1246,2020년 03월 25일 00시,2021-09-16 10:11:33.897
313,2020-03-25 09:00:00.000,4,387,경기,京畿,Gyeonggi-do,21,95,15,6,2.92,1245,2020년 03월 25일 00시,2021-09-16 10:11:33.897
314,2020-03-25 09:00:00.000,1,31,강원,江原,Gangwon-do,1,14,0,1,2.01,1244,2020년 03월 25일 00시,2021-09-16 10:11:33.897
315,2020-03-25 09:00:00.000,0,38,충북,忠北,Chungcheongbuk-do,0,12,0,0,2.38,1243,2020년 03월 25일 00시,2021-09-16 10:11:33.897
316,2020-03-25 09:00:00.000,0,123,충남,忠南,Chungcheongnam-do,3,65,2,1,5.80,1242,2020년 03월 25일 00시,2021-09-16 10:11:33.897
317,2020-03-25 09:00:00.000,0,10,전북,全北,Jeollabuk-do,0,7,0,0,0.55,1241,2020년 03월 25일 00시,2021-09-16 10:11:33.897
318,2020-03-25 09:00:00.000,0,8,전남,全南,Jeollanam-do,2,3,2,0,0.43,1240,2020년 03월 25일 00시,2021-09-16 10:11:33.897
319,2020-03-25 09:00:00.000,28,1262,경북,庆北,Gyeongsangbuk-do,5,514,4,1,47.40,1239,2020년 03월 25일 00시,2021-09-16 10:11:33.897
320,2020-03-25 09:00:00.000,0,90,경남,庆南,Gyeongsangnam-do,0,49,0,0,2.68,1238,2020년 03월 25일 00시,2021-09-16 10:11:33.897
321,2020-03-25 09:00:00.000,0,6,제주,济州,Jeju,2,3,0,2,0.89,1237,2020년 03월 25일 00시,2021-09-16 10:11:33.897
322,2020-03-25 09:00:00.000,0,101,검역,隔離區,Lazaretto,34,0,0,34,0.00,1236,2020년 03월 25일 00시,2021-09-16 10:11:33.897
323,2020-03-24 09:00:00.000,120,9037,합계,合计,Total,76,3396,46,30,17.43,1235,2020년 03월 24일 00시,2021-09-16 10:11:33.897
324,2020-03-24 09:00:00.000,0,334,서울,首尔,Seoul,4,67,1,3,3.43,1234,2020년 03월 24일 00시,2021-09-16 10:11:33.897
325,2020-03-24 09:00:00.000,1,111,부산,釜山,Busan,2,71,2,0,3.25,1233,2020년 03월 24일 00시,2021-09-16 10:11:33.897
326,2020-03-24 09:00:00.000,88,6442,대구,大邱,Daegu,31,2498,31,0,264.40,1232,2020년 03월 24일 00시,2021-09-16 10:11:33.897
327,2020-03-24 09:00:00.000,0,41,인천,仁川,Incheon,1,7,0,1,1.39,1231,2020년 03월 24일 00시,2021-09-16 10:11:33.897
328,2020-03-24 09:00:00.000,0,19,광주,光州,Gwangju,0,11,0,0,1.30,1230,2020년 03월 24일 00시,2021-09-16 10:11:33.897
329,2020-03-24 09:00:00.000,0,24,대전,大田,Daejeon,0,6,0,0,1.63,1229,2020년 03월 24일 00시,2021-09-16 10:11:33.897
330,2020-03-24 09:00:00.000,0,36,울산,蔚山,Ulsan,0,16,0,0,3.14,1228,2020년 03월 24일 00시,2021-09-16 10:11:33.897
331,2020-03-24 09:00:00.000,0,42,세종,世宗,Sejong,0,2,0,0,12.27,1227,2020년 03월 24일 00시,2021-09-16 10:11:33.897
332,2020-03-24 09:00:00.000,4,366,경기,京畿,Gyeonggi-do,15,91,9,6,2.76,1226,2020년 03월 24일 00시,2021-09-16 10:11:33.897
333,2020-03-24 09:00:00.000,1,30,강원,江原,Gangwon-do,0,13,0,0,1.95,1225,2020년 03월 24일 00시,2021-09-16 10:11:33.897
334,2020-03-24 09:00:00.000,0,38,충북,忠北,Chungcheongbuk-do,1,10,1,0,2.38,1224,2020년 03월 24일 00시,2021-09-16 10:11:33.897
335,2020-03-24 09:00:00.000,0,120,충남,忠南,Chungcheongnam-do,0,56,0,0,5.65,1223,2020년 03월 24일 00시,2021-09-16 10:11:33.897
336,2020-03-24 09:00:00.000,0,10,전북,全北,Jeollabuk-do,0,7,0,0,0.55,1222,2020년 03월 24일 00시,2021-09-16 10:11:33.897
337,2020-03-24 09:00:00.000,0,6,전남,全南,Jeollanam-do,0,3,0,0,0.32,1221,2020년 03월 24일 00시,2021-09-16 10:11:33.897
338,2020-03-24 09:00:00.000,26,1257,경북,庆北,Gyeongsangbuk-do,1,488,1,0,47.21,1220,2020년 03월 24일 00시,2021-09-16 10:11:33.897
339,2020-03-24 09:00:00.000,0,90,경남,庆南,Gyeongsangnam-do,1,47,1,0,2.68,1219,2020년 03월 24일 00시,2021-09-16 10:11:33.897
340,2020-03-24 09:00:00.000,0,4,제주,济州,Jeju,0,3,0,0,0.60,1218,2020년 03월 24일 00시,2021-09-16 10:11:33.897
341,2020-03-24 09:00:00.000,0,67,검역,隔離區,Lazaretto,20,0,0,20,0.00,1217,2020년 03월 24일 00시,2021-09-16 10:11:33.897
342,2020-03-23 09:00:00.000,111,8961,합계,合计,Total,64,3065,46,18,17.28,1216,2020년 03월 23일 00시,2021-09-16 10:11:33.897
343,2020-03-23 09:00:00.000,0,330,서울,首尔,Seoul,6,59,3,3,3.39,1215,2020년 03월 23일 00시,2021-09-16 10:11:33.897
344,2020-03-23 09:00:00.000,1,109,부산,釜山,Busan,1,71,1,0,3.19,1214,2020년 03월 23일 00시,2021-09-16 10:11:33.897
345,2020-03-23 09:00:00.000,82,6411,대구,大邱,Daegu,24,2240,24,0,263.12,1213,2020년 03월 23일 00시,2021-09-16 10:11:33.897
346,2020-03-23 09:00:00.000,0,40,인천,仁川,Incheon,0,7,0,0,1.35,1212,2020년 03월 23일 00시,2021-09-16 10:11:33.897
347,2020-03-23 09:00:00.000,0,19,광주,光州,Gwangju,0,10,0,0,1.30,1211,2020년 03월 23일 00시,2021-09-16 10:11:33.897
348,2020-03-23 09:00:00.000,0,24,대전,大田,Daejeon,0,6,0,0,1.63,1210,2020년 03월 23일 00시,2021-09-16 10:11:33.897
349,2020-03-23 09:00:00.000,0,36,울산,蔚山,Ulsan,0,15,0,0,3.14,1209,2020년 03월 23일 00시,2021-09-16 10:11:33.897
350,2020-03-23 09:00:00.000,0,42,세종,世宗,Sejong,1,2,1,0,12.27,1208,2020년 03월 23일 00시,2021-09-16 10:11:33.897
351,2020-03-23 09:00:00.000,3,351,경기,京畿,Gyeonggi-do,14,84,12,2,2.65,1207,2020년 03월 23일 00시,2021-09-16 10:11:33.897
352,2020-03-23 09:00:00.000,1,30,강원,江原,Gangwon-do,0,13,0,0,1.95,1206,2020년 03월 23일 00시,2021-09-16 10:11:33.897
353,2020-03-23 09:00:00.000,0,37,충북,忠北,Chungcheongbuk-do,2,8,2,0,2.31,1205,2020년 03월 23일 00시,2021-09-16 10:11:33.897
354,2020-03-23 09:00:00.000,0,120,충남,忠南,Chungcheongnam-do,0,44,0,0,5.65,1204,2020년 03월 23일 00시,2021-09-16 10:11:33.897
355,2020-03-23 09:00:00.000,0,10,전북,全北,Jeollabuk-do,0,7,0,0,0.55,1203,2020년 03월 23일 00시,2021-09-16 10:11:33.897
356,2020-03-23 09:00:00.000,0,6,전남,全南,Jeollanam-do,0,3,0,0,0.32,1202,2020년 03월 23일 00시,2021-09-16 10:11:33.897
357,2020-03-23 09:00:00.000,24,1256,경북,庆北,Gyeongsangbuk-do,2,449,2,0,47.17,1201,2020년 03월 23일 00시,2021-09-16 10:11:33.897
358,2020-03-23 09:00:00.000,0,89,경남,庆南,Gyeongsangnam-do,1,44,1,0,2.65,1200,2020년 03월 23일 00시,2021-09-16 10:11:33.897
359,2020-03-23 09:00:00.000,0,4,제주,济州,Jeju,0,3,0,0,0.60,1199,2020년 03월 23일 00시,2021-09-16 10:11:33.897
360,2020-03-23 09:00:00.000,0,47,검역,隔離區,Lazaretto,13,0,0,13,0.00,1198,2020년 03월 23일 00시,2021-09-16 10:11:33.897
361,2020-03-22 09:00:00.000,104,8897,합계,合计,Total,98,2817,77,21,17.16,1197,2020년 03월 22일 00시,2021-09-16 10:11:33.897
362,2020-03-22 09:00:00.000,0,324,서울,首尔,Seoul,10,59,7,3,3.33,1196,2020년 03월 22일 00시,2021-09-16 10:11:33.897
363,2020-03-22 09:00:00.000,1,108,부산,釜山,Busan,0,69,0,0,3.17,1195,2020년 03월 22일 00시,2021-09-16 10:11:33.897
364,2020-03-22 09:00:00.000,75,6387,대구,大邱,Daegu,43,2050,43,0,262.14,1194,2020년 03월 22일 00시,2021-09-16 10:11:33.897
365,2020-03-22 09:00:00.000,0,40,인천,仁川,Incheon,0,7,0,0,1.35,1193,2020년 03월 22일 00시,2021-09-16 10:11:33.897
366,2020-03-22 09:00:00.000,0,19,광주,光州,Gwangju,1,10,0,1,1.30,1192,2020년 03월 22일 00시,2021-09-16 10:11:33.897
367,2020-03-22 09:00:00.000,0,24,대전,大田,Daejeon,2,6,2,0,1.63,1191,2020년 03월 22일 00시,2021-09-16 10:11:33.897
368,2020-03-22 09:00:00.000,0,36,울산,蔚山,Ulsan,0,12,0,0,3.14,1190,2020년 03월 22일 00시,2021-09-16 10:11:33.897
369,2020-03-22 09:00:00.000,0,41,세종,世宗,Sejong,0,2,0,0,11.98,1189,2020년 03월 22일 00시,2021-09-16 10:11:33.897
370,2020-03-22 09:00:00.000,3,337,경기,京畿,Gyeonggi-do,16,77,12,4,2.54,1188,2020년 03월 22일 00시,2021-09-16 10:11:33.897
371,2020-03-22 09:00:00.000,1,30,강원,江原,Gangwon-do,0,12,0,0,1.95,1187,2020년 03월 22일 00시,2021-09-16 10:11:33.897
372,2020-03-22 09:00:00.000,0,35,충북,忠北,Chungcheongbuk-do,1,8,1,0,2.19,1186,2020년 03월 22일 00시,2021-09-16 10:11:33.897
373,2020-03-22 09:00:00.000,0,120,충남,忠南,Chungcheongnam-do,1,39,1,0,5.65,1185,2020년 03월 22일 00시,2021-09-16 10:11:33.897
374,2020-03-22 09:00:00.000,0,10,전북,全北,Jeollabuk-do,0,7,0,0,0.55,1184,2020년 03월 22일 00시,2021-09-16 10:11:33.897
375,2020-03-22 09:00:00.000,0,6,전남,全南,Jeollanam-do,1,3,0,1,0.32,1183,2020년 03월 22일 00시,2021-09-16 10:11:33.897
376,2020-03-22 09:00:00.000,24,1254,경북,庆北,Gyeongsangbuk-do,11,412,10,1,47.10,1182,2020년 03월 22일 00시,2021-09-16 10:11:33.897
377,2020-03-22 09:00:00.000,0,88,경남,庆南,Gyeongsangnam-do,1,41,1,0,2.62,1181,2020년 03월 22일 00시,2021-09-16 10:11:33.897
378,2020-03-22 09:00:00.000,0,4,제주,济州,Jeju,0,3,0,0,0.60,1180,2020년 03월 22일 00시,2021-09-16 10:11:33.897
379,2020-03-22 09:00:00.000,0,34,검역,隔離區,Lazaretto,11,0,0,11,0.00,1179,2020년 03월 22일 00시,2021-09-16 10:11:33.897
380,2020-03-21 09:00:00.000,102,8799,합계,合计,Total,147,2536,126,21,16.97,1178,2020년 03월 21일 00시,2021-09-16 10:11:33.897
381,2020-03-21 09:00:00.000,0,314,서울,首尔,Seoul,15,55,6,9,3.23,1177,2020년 03월 21일 00시,2021-09-16 10:11:33.897
382,2020-03-21 09:00:00.000,1,108,부산,釜山,Busan,0,69,0,0,3.17,1176,2020년 03월 21일 00시,2021-09-16 10:11:33.897
383,2020-03-21 09:00:00.000,73,6344,대구,大邱,Daegu,69,1832,69,0,260.37,1175,2020년 03월 21일 00시,2021-09-16 10:11:33.897
384,2020-03-21 09:00:00.000,0,40,인천,仁川,Incheon,4,6,1,3,1.35,1174,2020년 03월 21일 00시,2021-09-16 10:11:33.897
385,2020-03-21 09:00:00.000,0,18,광주,光州,Gwangju,0,9,0,0,1.24,1173,2020년 03월 21일 00시,2021-09-16 10:11:33.897
386,2020-03-21 09:00:00.000,0,22,대전,大田,Daejeon,0,6,0,0,1.49,1172,2020년 03월 21일 00시,2021-09-16 10:11:33.897
387,2020-03-21 09:00:00.000,0,36,울산,蔚山,Ulsan,0,11,0,0,3.14,1171,2020년 03월 21일 00시,2021-09-16 10:11:33.897
388,2020-03-21 09:00:00.000,0,41,세종,世宗,Sejong,0,0,0,0,11.98,1170,2020년 03월 21일 00시,2021-09-16 10:11:33.897
389,2020-03-21 09:00:00.000,3,321,경기,京畿,Gyeonggi-do,12,67,9,3,2.42,1169,2020년 03월 21일 00시,2021-09-16 10:11:33.897
390,2020-03-21 09:00:00.000,1,30,강원,江原,Gangwon-do,0,11,0,0,1.95,1168,2020년 03월 21일 00시,2021-09-16 10:11:33.897
391,2020-03-21 09:00:00.000,0,34,충북,忠北,Chungcheongbuk-do,1,7,1,0,2.13,1167,2020년 03월 21일 00시,2021-09-16 10:11:33.897
392,2020-03-21 09:00:00.000,0,119,충남,忠南,Chungcheongnam-do,0,37,0,0,5.61,1166,2020년 03월 21일 00시,2021-09-16 10:11:33.897
393,2020-03-21 09:00:00.000,0,10,전북,全北,Jeollabuk-do,0,7,0,0,0.55,1165,2020년 03월 21일 00시,2021-09-16 10:11:33.897
394,2020-03-21 09:00:00.000,0,5,전남,全南,Jeollanam-do,0,3,0,0,0.27,1164,2020년 03월 21일 00시,2021-09-16 10:11:33.897
395,2020-03-21 09:00:00.000,24,1243,경북,庆北,Gyeongsangbuk-do,40,375,40,0,46.69,1163,2020년 03월 21일 00시,2021-09-16 10:11:33.897
396,2020-03-21 09:00:00.000,0,87,경남,庆南,Gyeongsangnam-do,0,38,0,0,2.59,1162,2020년 03월 21일 00시,2021-09-16 10:11:33.897
397,2020-03-21 09:00:00.000,0,4,제주,济州,Jeju,0,3,0,0,0.60,1161,2020년 03월 21일 00시,2021-09-16 10:11:33.897
398,2020-03-21 09:00:00.000,0,23,검역,隔離區,Lazaretto,6,0,0,6,0.00,1160,2020년 03월 21일 00시,2021-09-16 10:11:33.897
399,2020-03-20 09:00:00.000,94,8652,합계,合计,Total,87,2173,73,14,16.69,1159,2020년 03월 20일 00시,2021-09-16 10:11:33.897
400,2020-03-20 09:00:00.000,0,299,서울,首尔,Seoul,17,54,12,5,3.07,1158,2020년 03월 20일 00시,2021-09-16 10:11:33.897
401,2020-03-20 09:00:00.000,1,108,부산,釜山,Busan,1,65,1,0,3.17,1157,2020년 03월 20일 00시,2021-09-16 10:11:33.897
402,2020-03-20 09:00:00.000,67,6275,대구,大邱,Daegu,34,1561,34,0,257.54,1156,2020년 03월 20일 00시,2021-09-16 10:11:33.897
403,2020-03-20 09:00:00.000,0,36,인천,仁川,Incheon,4,5,4,0,1.22,1155,2020년 03월 20일 00시,2021-09-16 10:11:33.897
404,2020-03-20 09:00:00.000,0,18,광주,光州,Gwangju,1,9,1,0,1.24,1154,2020년 03월 20일 00시,2021-09-16 10:11:33.897
405,2020-03-20 09:00:00.000,0,22,대전,大田,Daejeon,0,5,0,0,1.49,1153,2020년 03월 20일 00시,2021-09-16 10:11:33.897
406,2020-03-20 09:00:00.000,0,36,울산,蔚山,Ulsan,0,10,0,0,3.14,1152,2020년 03월 20일 00시,2021-09-16 10:11:33.897
407,2020-03-20 09:00:00.000,0,41,세종,世宗,Sejong,0,0,0,0,11.98,1151,2020년 03월 20일 00시,2021-09-16 10:11:33.897
408,2020-03-20 09:00:00.000,3,309,경기,京畿,Gyeonggi-do,14,63,7,7,2.33,1150,2020년 03월 20일 00시,2021-09-16 10:11:33.897
409,2020-03-20 09:00:00.000,1,30,강원,江原,Gangwon-do,0,11,0,0,1.95,1149,2020년 03월 20일 00시,2021-09-16 10:11:33.897
410,2020-03-20 09:00:00.000,0,33,충북,忠北,Chungcheongbuk-do,0,7,0,0,2.06,1148,2020년 03월 20일 00시,2021-09-16 10:11:33.897
411,2020-03-20 09:00:00.000,0,119,충남,忠南,Chungcheongnam-do,1,35,0,1,5.61,1147,2020년 03월 20일 00시,2021-09-16 10:11:33.897
412,2020-03-20 09:00:00.000,0,10,전북,全北,Jeollabuk-do,0,7,0,0,0.55,1146,2020년 03월 20일 00시,2021-09-16 10:11:33.897
413,2020-03-20 09:00:00.000,0,5,전남,全南,Jeollanam-do,0,3,0,0,0.27,1145,2020년 03월 20일 00시,2021-09-16 10:11:33.897
414,2020-03-20 09:00:00.000,22,1203,경북,庆北,Gyeongsangbuk-do,13,302,13,0,45.18,1144,2020년 03월 20일 00시,2021-09-16 10:11:33.897
415,2020-03-20 09:00:00.000,0,87,경남,庆南,Gyeongsangnam-do,1,34,1,0,2.59,1143,2020년 03월 20일 00시,2021-09-16 10:11:33.897
416,2020-03-20 09:00:00.000,0,4,제주,济州,Jeju,0,2,0,0,0.60,1142,2020년 03월 20일 00시,2021-09-16 10:11:33.897
417,2020-03-20 09:00:00.000,0,17,검역,隔離區,Lazaretto,1,0,0,1,0.00,1141,2020년 03월 20일 00시,2021-09-16 10:11:33.897
418,2020-03-19 09:00:00.000,91,8565,합계,合计,Total,152,1896,135,17,16.52,1140,2020년 03월 19일 00시,2021-09-16 10:11:33.897
419,2020-03-19 09:00:00.000,0,282,서울,首尔,Seoul,12,53,6,6,2.90,1139,2020년 03월 19일 00시,2021-09-16 10:11:33.897
420,2020-03-19 09:00:00.000,1,107,부산,釜山,Busan,0,63,0,0,3.14,1138,2020년 03월 19일 00시,2021-09-16 10:11:33.897
421,2020-03-19 09:00:00.000,65,6241,대구,大邱,Daegu,97,1327,97,0,256.15,1137,2020년 03월 19일 00시,2021-09-16 10:11:33.897
422,2020-03-19 09:00:00.000,0,32,인천,仁川,Incheon,0,5,0,0,1.08,1136,2020년 03월 19일 00시,2021-09-16 10:11:33.897
423,2020-03-19 09:00:00.000,0,17,광주,光州,Gwangju,0,9,0,0,1.17,1135,2020년 03월 19일 00시,2021-09-16 10:11:33.897
424,2020-03-19 09:00:00.000,0,22,대전,大田,Daejeon,0,5,0,0,1.49,1134,2020년 03월 19일 00시,2021-09-16 10:11:33.897
425,2020-03-19 09:00:00.000,0,36,울산,蔚山,Ulsan,6,10,3,3,3.14,1133,2020년 03월 19일 00시,2021-09-16 10:11:33.897
426,2020-03-19 09:00:00.000,0,41,세종,世宗,Sejong,0,0,0,0,11.98,1132,2020년 03월 19일 00시,2021-09-16 10:11:33.897
427,2020-03-19 09:00:00.000,3,295,경기,京畿,Gyeonggi-do,18,60,15,3,2.23,1131,2020년 03월 19일 00시,2021-09-16 10:11:33.897
428,2020-03-19 09:00:00.000,1,30,강원,江原,Gangwon-do,0,11,0,0,1.95,1130,2020년 03월 19일 00시,2021-09-16 10:11:33.897
429,2020-03-19 09:00:00.000,0,33,충북,忠北,Chungcheongbuk-do,1,7,1,0,2.06,1129,2020년 03월 19일 00시,2021-09-16 10:11:33.897
430,2020-03-19 09:00:00.000,0,118,충남,忠南,Chungcheongnam-do,0,34,0,0,5.56,1128,2020년 03월 19일 00시,2021-09-16 10:11:33.897
431,2020-03-19 09:00:00.000,0,10,전북,全北,Jeollabuk-do,1,6,1,0,0.55,1127,2020년 03월 19일 00시,2021-09-16 10:11:33.897
432,2020-03-19 09:00:00.000,0,5,전남,全南,Jeollanam-do,0,3,0,0,0.27,1126,2020년 03월 19일 00시,2021-09-16 10:11:33.897
433,2020-03-19 09:00:00.000,21,1190,경북,庆北,Gyeongsangbuk-do,12,269,12,0,44.69,1125,2020년 03월 19일 00시,2021-09-16 10:11:33.897
434,2020-03-19 09:00:00.000,0,86,경남,庆南,Gyeongsangnam-do,0,33,0,0,2.56,1124,2020년 03월 19일 00시,2021-09-16 10:11:33.897
435,2020-03-19 09:00:00.000,0,4,제주,济州,Jeju,0,1,0,0,0.60,1123,2020년 03월 19일 00시,2021-09-16 10:11:33.897
436,2020-03-19 09:00:00.000,0,16,검역,隔離區,Lazaretto,5,0,0,5,0.00,1122,2020년 03월 19일 00시,2021-09-16 10:11:33.897
437,2020-03-18 09:00:00.000,84,8413,합계,合计,Total,93,1498,80,13,16.23,1121,2020년 03월 18일 00시,2021-09-16 10:11:33.897
438,2020-03-18 09:00:00.000,0,270,서울,首尔,Seoul,5,51,4,1,2.77,1120,2020년 03월 18일 00시,2021-09-16 10:11:33.897
439,2020-03-18 09:00:00.000,1,107,부산,釜山,Busan,0,58,0,0,3.14,1119,2020년 03월 18일 00시,2021-09-16 10:11:33.897
440,2020-03-18 09:00:00.000,58,6144,대구,大邱,Daegu,46,1010,46,0,252.17,1118,2020년 03월 18일 00시,2021-09-16 10:11:33.897
441,2020-03-18 09:00:00.000,0,32,인천,仁川,Incheon,1,4,1,0,1.08,1117,2020년 03월 18일 00시,2021-09-16 10:11:33.897
442,2020-03-18 09:00:00.000,0,17,광주,光州,Gwangju,1,9,1,0,1.17,1116,2020년 03월 18일 00시,2021-09-16 10:11:33.897
443,2020-03-18 09:00:00.000,0,22,대전,大田,Daejeon,0,5,0,0,1.49,1115,2020년 03월 18일 00시,2021-09-16 10:11:33.897
444,2020-03-18 09:00:00.000,0,30,울산,蔚山,Ulsan,2,10,0,2,2.62,1114,2020년 03월 18일 00시,2021-09-16 10:11:33.897
445,2020-03-18 09:00:00.000,0,41,세종,世宗,Sejong,1,0,1,0,11.98,1113,2020년 03월 18일 00시,2021-09-16 10:11:33.897
446,2020-03-18 09:00:00.000,3,277,경기,京畿,Gyeonggi-do,15,54,14,1,2.09,1112,2020년 03월 18일 00시,2021-09-16 10:11:33.897
447,2020-03-18 09:00:00.000,1,30,강원,江原,Gangwon-do,1,4,1,0,1.95,1111,2020년 03월 18일 00시,2021-09-16 10:11:33.897
448,2020-03-18 09:00:00.000,0,32,충북,忠北,Chungcheongbuk-do,1,7,1,0,2.00,1110,2020년 03월 18일 00시,2021-09-16 10:11:33.897
449,2020-03-18 09:00:00.000,0,118,충남,忠南,Chungcheongnam-do,3,20,1,2,5.56,1109,2020년 03월 18일 00시,2021-09-16 10:11:33.897
450,2020-03-18 09:00:00.000,0,9,전북,全北,Jeollabuk-do,2,5,0,2,0.50,1108,2020년 03월 18일 00시,2021-09-16 10:11:33.897
451,2020-03-18 09:00:00.000,0,5,전남,全南,Jeollanam-do,1,2,1,0,0.27,1107,2020년 03월 18일 00시,2021-09-16 10:11:33.897
452,2020-03-18 09:00:00.000,21,1178,경북,庆北,Gyeongsangbuk-do,9,228,9,0,44.24,1106,2020년 03월 18일 00시,2021-09-16 10:11:33.897
453,2020-03-18 09:00:00.000,0,86,경남,庆南,Gyeongsangnam-do,0,30,0,0,2.56,1105,2020년 03월 18일 00시,2021-09-16 10:11:33.897
454,2020-03-18 09:00:00.000,0,4,제주,济州,Jeju,0,1,0,0,0.60,1104,2020년 03월 18일 00시,2021-09-16 10:11:33.897
455,2020-03-18 09:00:00.000,0,11,검역,隔離區,Lazaretto,5,0,0,5,0.00,1103,2020년 03월 18일 00시,2021-09-16 10:11:33.897
456,2020-03-17 09:00:00.000,81,8320,합계,合计,Total,84,1362,79,5,16.05,1102,2020년 03월 17일 00시,2021-09-16 10:11:33.897
457,2020-03-17 09:00:00.000,0,265,서울,首尔,Seoul,12,48,11,1,2.72,1101,2020년 03월 17일 00시,2021-09-16 10:11:33.897
458,2020-03-17 09:00:00.000,1,107,부산,釜山,Busan,0,54,0,0,3.14,1100,2020년 03월 17일 00시,2021-09-16 10:11:33.897
459,2020-03-17 09:00:00.000,57,6098,대구,大邱,Daegu,32,905,32,0,250.28,1099,2020년 03월 17일 00시,2021-09-16 10:11:33.897
460,2020-03-17 09:00:00.000,0,31,인천,仁川,Incheon,1,4,1,0,1.05,1098,2020년 03월 17일 00시,2021-09-16 10:11:33.897
461,2020-03-17 09:00:00.000,0,16,광주,光州,Gwangju,0,9,0,0,1.10,1097,2020년 03월 17일 00시,2021-09-16 10:11:33.897
462,2020-03-17 09:00:00.000,0,22,대전,大田,Daejeon,0,5,0,0,1.49,1096,2020년 03월 17일 00시,2021-09-16 10:11:33.897
463,2020-03-17 09:00:00.000,0,28,울산,蔚山,Ulsan,0,10,0,0,2.44,1095,2020년 03월 17일 00시,2021-09-16 10:11:33.897
464,2020-03-17 09:00:00.000,0,40,세종,世宗,Sejong,0,0,0,0,11.68,1094,2020년 03월 17일 00시,2021-09-16 10:11:33.897
465,2020-03-17 09:00:00.000,3,262,경기,京畿,Gyeonggi-do,31,51,30,1,1.98,1093,2020년 03월 17일 00시,2021-09-16 10:11:33.897
466,2020-03-17 09:00:00.000,1,29,강원,江原,Gangwon-do,0,4,0,0,1.88,1092,2020년 03월 17일 00시,2021-09-16 10:11:33.897
467,2020-03-17 09:00:00.000,0,31,충북,忠北,Chungcheongbuk-do,0,7,0,0,1.94,1091,2020년 03월 17일 00시,2021-09-16 10:11:33.897
468,2020-03-17 09:00:00.000,0,115,충남,忠南,Chungcheongnam-do,0,14,0,0,5.42,1090,2020년 03월 17일 00시,2021-09-16 10:11:33.897
469,2020-03-17 09:00:00.000,0,7,전북,全北,Jeollabuk-do,0,5,0,0,0.39,1089,2020년 03월 17일 00시,2021-09-16 10:11:33.897
470,2020-03-17 09:00:00.000,0,4,전남,全南,Jeollanam-do,0,1,0,0,0.21,1088,2020년 03월 17일 00시,2021-09-16 10:11:33.897
471,2020-03-17 09:00:00.000,19,1169,경북,庆北,Gyeongsangbuk-do,5,215,5,0,43.91,1087,2020년 03월 17일 00시,2021-09-16 10:11:33.897
472,2020-03-17 09:00:00.000,0,86,경남,庆南,Gyeongsangnam-do,1,29,0,1,2.56,1086,2020년 03월 17일 00시,2021-09-16 10:11:33.897
473,2020-03-17 09:00:00.000,0,4,제주,济州,Jeju,0,1,0,0,0.60,1085,2020년 03월 17일 00시,2021-09-16 10:11:33.897
474,2020-03-17 09:00:00.000,0,6,검역,隔離區,Lazaretto,2,0,0,2,0.00,1084,2020년 03월 17일 00시,2021-09-16 10:11:33.897
475,2020-03-16 09:00:00.000,75,8236,합계,合计,Total,74,1106,70,4,15.89,1083,2020년 03월 16일 00시,2021-09-16 10:11:33.897
476,2020-03-16 09:00:00.000,0,253,서울,首尔,Seoul,6,41,6,0,2.60,1082,2020년 03월 16일 00시,2021-09-16 10:11:33.897
477,2020-03-16 09:00:00.000,1,107,부산,釜山,Busan,1,47,1,0,3.14,1081,2020년 03월 16일 00시,2021-09-16 10:11:33.897
478,2020-03-16 09:00:00.000,53,6066,대구,大邱,Daegu,35,691,35,0,248.96,1080,2020년 03월 16일 00시,2021-09-16 10:11:33.897
479,2020-03-16 09:00:00.000,0,30,인천,仁川,Incheon,1,3,1,0,1.01,1079,2020년 03월 16일 00시,2021-09-16 10:11:33.897
480,2020-03-16 09:00:00.000,0,16,광주,光州,Gwangju,0,9,0,0,1.10,1078,2020년 03월 16일 00시,2021-09-16 10:11:33.897
481,2020-03-16 09:00:00.000,0,22,대전,大田,Daejeon,0,5,0,0,1.49,1077,2020년 03월 16일 00시,2021-09-16 10:11:33.897
482,2020-03-16 09:00:00.000,0,28,울산,蔚山,Ulsan,0,7,0,0,2.44,1076,2020년 03월 16일 00시,2021-09-16 10:11:33.897
483,2020-03-16 09:00:00.000,0,40,세종,世宗,Sejong,1,0,1,0,11.68,1075,2020년 03월 16일 00시,2021-09-16 10:11:33.897
484,2020-03-16 09:00:00.000,3,231,경기,京畿,Gyeonggi-do,20,49,19,1,1.74,1074,2020년 03월 16일 00시,2021-09-16 10:11:33.897
485,2020-03-16 09:00:00.000,1,29,강원,江原,Gangwon-do,0,4,0,0,1.88,1073,2020년 03월 16일 00시,2021-09-16 10:11:33.897
486,2020-03-16 09:00:00.000,0,31,충북,忠北,Chungcheongbuk-do,0,7,0,0,1.94,1072,2020년 03월 16일 00시,2021-09-16 10:11:33.897
487,2020-03-16 09:00:00.000,0,115,충남,忠南,Chungcheongnam-do,0,10,0,0,5.42,1071,2020년 03월 16일 00시,2021-09-16 10:11:33.897
488,2020-03-16 09:00:00.000,0,7,전북,全北,Jeollabuk-do,0,5,0,0,0.39,1070,2020년 03월 16일 00시,2021-09-16 10:11:33.897
489,2020-03-16 09:00:00.000,0,4,전남,全南,Jeollanam-do,0,1,0,0,0.21,1069,2020년 03월 16일 00시,2021-09-16 10:11:33.897
490,2020-03-16 09:00:00.000,17,1164,경북,庆北,Gyeongsangbuk-do,7,200,7,0,43.72,1068,2020년 03월 16일 00시,2021-09-16 10:11:33.897
491,2020-03-16 09:00:00.000,0,85,경남,庆南,Gyeongsangnam-do,0,26,0,0,2.53,1067,2020년 03월 16일 00시,2021-09-16 10:11:33.897
492,2020-03-16 09:00:00.000,0,4,제주,济州,Jeju,0,1,0,0,0.60,1066,2020년 03월 16일 00시,2021-09-16 10:11:33.897
493,2020-03-16 09:00:00.000,0,4,검역,隔離區,Lazaretto,3,0,0,3,0.00,1065,2020년 03월 16일 00시,2021-09-16 10:11:33.897
494,2020-03-15 09:00:00.000,75,8162,합계,合计,Total,76,807,72,4,15.74,1064,2020년 03월 15일 00시,2021-09-16 10:11:33.897
495,2020-03-15 09:00:00.000,0,247,서울,首尔,Seoul,9,36,8,1,2.54,1063,2020년 03월 15일 00시,2021-09-16 10:11:33.897
496,2020-03-15 09:00:00.000,1,106,부산,釜山,Busan,3,44,3,0,3.11,1062,2020년 03월 15일 00시,2021-09-16 10:11:33.897
497,2020-03-15 09:00:00.000,53,6031,대구,大邱,Daegu,41,461,41,0,247.53,1061,2020년 03월 15일 00시,2021-09-16 10:11:33.897
498,2020-03-15 09:00:00.000,0,29,인천,仁川,Incheon,1,3,1,0,0.98,1060,2020년 03월 15일 00시,2021-09-16 10:11:33.897
499,2020-03-15 09:00:00.000,0,16,광주,光州,Gwangju,1,9,0,1,1.10,1059,2020년 03월 15일 00시,2021-09-16 10:11:33.897
500,2020-03-15 09:00:00.000,0,22,대전,大田,Daejeon,0,2,0,0,1.49,1058,2020년 03월 15일 00시,2021-09-16 10:11:33.897
501,2020-03-15 09:00:00.000,0,28,울산,蔚山,Ulsan,1,3,1,0,2.44,1057,2020년 03월 15일 00시,2021-09-16 10:11:33.897
502,2020-03-15 09:00:00.000,0,39,세종,世宗,Sejong,1,0,1,0,11.39,1056,2020년 03월 15일 00시,2021-09-16 10:11:33.897
503,2020-03-15 09:00:00.000,3,211,경기,京畿,Gyeonggi-do,11,43,11,0,1.59,1055,2020년 03월 15일 00시,2021-09-16 10:11:33.897
504,2020-03-15 09:00:00.000,1,29,강원,江原,Gangwon-do,0,4,0,0,1.88,1054,2020년 03월 15일 00시,2021-09-16 10:11:33.897
505,2020-03-15 09:00:00.000,0,31,충북,忠北,Chungcheongbuk-do,3,6,3,0,1.94,1053,2020년 03월 15일 00시,2021-09-16 10:11:33.897
506,2020-03-15 09:00:00.000,0,115,충남,忠南,Chungcheongnam-do,0,2,0,0,5.42,1052,2020년 03월 15일 00시,2021-09-16 10:11:33.897
507,2020-03-15 09:00:00.000,0,7,전북,全北,Jeollabuk-do,0,3,0,0,0.39,1051,2020년 03월 15일 00시,2021-09-16 10:11:33.897
508,2020-03-15 09:00:00.000,0,4,전남,全南,Jeollanam-do,0,1,0,0,0.21,1050,2020년 03월 15일 00시,2021-09-16 10:11:33.897
509,2020-03-15 09:00:00.000,17,1157,경북,庆北,Gyeongsangbuk-do,4,171,3,1,43.46,1049,2020년 03월 15일 00시,2021-09-16 10:11:33.897
510,2020-03-15 09:00:00.000,0,85,경남,庆南,Gyeongsangnam-do,0,18,0,0,2.53,1048,2020년 03월 15일 00시,2021-09-16 10:11:33.897
511,2020-03-15 09:00:00.000,0,4,제주,济州,Jeju,0,1,0,0,0.60,1047,2020년 03월 15일 00시,2021-09-16 10:11:33.897
512,2020-03-15 09:00:00.000,0,1,검역,隔離區,Lazaretto,1,0,0,1,0.00,1046,2020년 03월 15일 00시,2021-09-16 10:11:33.897
513,2020-03-14 09:00:00.000,72,8086,합계,合计,Total,107,690,102,5,15.60,1045,2020년 03월 14일 00시,2021-09-16 10:11:33.897
514,2020-03-14 09:00:00.000,0,238,서울,首尔,Seoul,13,33,9,4,2.45,1044,2020년 03월 14일 00시,2021-09-16 10:11:33.897
515,2020-03-14 09:00:00.000,0,103,부산,釜山,Busan,3,44,3,0,3.02,1043,2020년 03월 14일 00시,2021-09-16 10:11:33.897
516,2020-03-14 09:00:00.000,51,5990,대구,大邱,Daegu,62,355,62,0,245.85,1042,2020년 03월 14일 00시,2021-09-16 10:11:33.897
517,2020-03-14 09:00:00.000,0,28,인천,仁川,Incheon,1,3,1,0,0.95,1041,2020년 03월 14일 00시,2021-09-16 10:11:33.897
518,2020-03-14 09:00:00.000,0,15,광주,光州,Gwangju,0,9,0,0,1.03,1040,2020년 03월 14일 00시,2021-09-16 10:11:33.897
519,2020-03-14 09:00:00.000,0,22,대전,大田,Daejeon,0,1,0,0,1.49,1039,2020년 03월 14일 00시,2021-09-16 10:11:33.897
520,2020-03-14 09:00:00.000,0,27,울산,蔚山,Ulsan,0,3,0,0,2.35,1038,2020년 03월 14일 00시,2021-09-16 10:11:33.897
521,2020-03-14 09:00:00.000,0,38,세종,世宗,Sejong,6,0,6,0,11.10,1037,2020년 03월 14일 00시,2021-09-16 10:11:33.897
522,2020-03-14 09:00:00.000,3,200,경기,京畿,Gyeonggi-do,15,39,14,1,1.51,1036,2020년 03월 14일 00시,2021-09-16 10:11:33.897
523,2020-03-14 09:00:00.000,1,29,강원,江原,Gangwon-do,0,4,0,0,1.88,1035,2020년 03월 14일 00시,2021-09-16 10:11:33.897
524,2020-03-14 09:00:00.000,0,28,충북,忠北,Chungcheongbuk-do,1,5,1,0,1.75,1034,2020년 03월 14일 00시,2021-09-16 10:11:33.897
525,2020-03-14 09:00:00.000,0,115,충남,忠南,Chungcheongnam-do,0,1,0,0,5.42,1033,2020년 03월 14일 00시,2021-09-16 10:11:33.897
526,2020-03-14 09:00:00.000,0,7,전북,全北,Jeollabuk-do,0,3,0,0,0.39,1032,2020년 03월 14일 00시,2021-09-16 10:11:33.897
527,2020-03-14 09:00:00.000,0,4,전남,全南,Jeollanam-do,0,1,0,0,0.21,1031,2020년 03월 14일 00시,2021-09-16 10:11:33.897
528,2020-03-14 09:00:00.000,17,1153,경북,庆北,Gyeongsangbuk-do,6,170,6,0,43.31,1030,2020년 03월 14일 00시,2021-09-16 10:11:33.897
529,2020-03-14 09:00:00.000,0,85,경남,庆南,Gyeongsangnam-do,0,18,0,0,2.53,1029,2020년 03월 14일 00시,2021-09-16 10:11:33.897
530,2020-03-14 09:00:00.000,0,4,제주,济州,Jeju,0,1,0,0,0.60,1028,2020년 03월 14일 00시,2021-09-16 10:11:33.897
531,2020-03-14 09:00:00.000,0,0,검역,隔離區,Lazaretto,0,0,0,0,0.00,1027,2020년 03월 14일 00시,2021-09-16 10:11:33.897
532,2020-03-13 09:00:00.000,67,7979,합계,合计,Total,110,490,107,3,15.39,1026,2020년 03월 13일 00시,2021-09-16 10:11:33.897
533,2020-03-13 09:00:00.000,0,225,서울,首尔,Seoul,12,25,10,2,2.31,1025,2020년 03월 13일 00시,2021-09-16 10:11:33.897
534,2020-03-13 09:00:00.000,0,100,부산,釜山,Busan,1,21,1,0,2.93,1024,2020년 03월 13일 00시,2021-09-16 10:11:33.897
535,2020-03-13 09:00:00.000,48,5928,대구,大邱,Daegu,61,254,61,0,243.30,1023,2020년 03월 13일 00시,2021-09-16 10:11:33.897
536,2020-03-13 09:00:00.000,0,27,인천,仁川,Incheon,2,2,2,0,0.91,1022,2020년 03월 13일 00시,2021-09-16 10:11:33.897
537,2020-03-13 09:00:00.000,0,15,광주,光州,Gwangju,0,9,0,0,1.03,1021,2020년 03월 13일 00시,2021-09-16 10:11:33.897
538,2020-03-13 09:00:00.000,0,22,대전,大田,Daejeon,2,1,2,0,1.49,1020,2020년 03월 13일 00시,2021-09-16 10:11:33.897
539,2020-03-13 09:00:00.000,0,27,울산,蔚山,Ulsan,2,2,2,0,2.35,1019,2020년 03월 13일 00시,2021-09-16 10:11:33.897
540,2020-03-13 09:00:00.000,0,32,세종,世宗,Sejong,17,0,17,0,9.35,1018,2020년 03월 13일 00시,2021-09-16 10:11:33.897
541,2020-03-13 09:00:00.000,2,185,경기,京畿,Gyeonggi-do,8,28,7,1,1.40,1017,2020년 03월 13일 00시,2021-09-16 10:11:33.897
542,2020-03-13 09:00:00.000,1,29,강원,江原,Gangwon-do,0,4,0,0,1.88,1016,2020년 03월 13일 00시,2021-09-16 10:11:33.897
543,2020-03-13 09:00:00.000,0,27,충북,忠北,Chungcheongbuk-do,0,3,0,0,1.69,1015,2020년 03월 13일 00시,2021-09-16 10:11:33.897
544,2020-03-13 09:00:00.000,0,115,충남,忠南,Chungcheongnam-do,1,0,1,0,5.42,1014,2020년 03월 13일 00시,2021-09-16 10:11:33.897
545,2020-03-13 09:00:00.000,0,7,전북,全北,Jeollabuk-do,0,3,0,0,0.39,1013,2020년 03월 13일 00시,2021-09-16 10:11:33.897
546,2020-03-13 09:00:00.000,0,4,전남,全南,Jeollanam-do,0,1,0,0,0.21,1012,2020년 03월 13일 00시,2021-09-16 10:11:33.897
547,2020-03-13 09:00:00.000,16,1147,경북,庆北,Gyeongsangbuk-do,4,126,4,0,43.08,1011,2020년 03월 13일 00시,2021-09-16 10:11:33.897
548,2020-03-13 09:00:00.000,0,85,경남,庆南,Gyeongsangnam-do,0,10,0,0,2.53,1010,2020년 03월 13일 00시,2021-09-16 10:11:33.897
549,2020-03-13 09:00:00.000,0,4,제주,济州,Jeju,0,1,0,0,0.60,1009,2020년 03월 13일 00시,2021-09-16 10:11:33.897
550,2020-03-13 09:00:00.000,0,0,검역,隔離區,Lazaretto,0,0,0,0,0.00,1008,2020년 03월 13일 00시,2021-09-16 10:11:33.897
551,2020-03-12 09:00:00.000,66,7869,합계,合计,Total,114,318,112,2,15.18,1007,2020년 03월 12일 00시,2021-09-16 10:11:33.897
552,2020-03-12 09:00:00.000,0,213,서울,首尔,Seoul,19,19,19,0,2.19,1006,2020년 03월 12일 00시,2021-09-16 10:11:33.897
553,2020-03-12 09:00:00.000,0,99,부산,釜山,Busan,2,2,2,0,2.90,1005,2020년 03월 12일 00시,2021-09-16 10:11:33.897
554,2020-03-12 09:00:00.000,48,5867,대구,大邱,Daegu,72,145,71,1,240.80,1004,2020년 03월 12일 00시,2021-09-16 10:11:33.897
555,2020-03-12 09:00:00.000,0,25,인천,仁川,Incheon,0,2,0,0,0.85,1003,2020년 03월 12일 00시,2021-09-16 10:11:33.897
556,2020-03-12 09:00:00.000,0,15,광주,光州,Gwangju,0,7,0,0,1.03,1002,2020년 03월 12일 00시,2021-09-16 10:11:33.897
557,2020-03-12 09:00:00.000,0,20,대전,大田,Daejeon,2,1,2,0,1.36,1001,2020년 03월 12일 00시,2021-09-16 10:11:33.897
558,2020-03-12 09:00:00.000,0,25,울산,蔚山,Ulsan,0,1,0,0,2.18,1000,2020년 03월 12일 00시,2021-09-16 10:11:33.897
559,2020-03-12 09:00:00.000,0,15,세종,世宗,Sejong,5,0,5,0,4.38,999,2020년 03월 12일 00시,2021-09-16 10:11:33.897
560,2020-03-12 09:00:00.000,1,177,경기,京畿,Gyeonggi-do,3,20,2,1,1.34,998,2020년 03월 12일 00시,2021-09-16 10:11:33.897
561,2020-03-12 09:00:00.000,1,29,강원,江原,Gangwon-do,0,4,0,0,1.88,997,2020년 03월 12일 00시,2021-09-16 10:11:33.897
562,2020-03-12 09:00:00.000,0,27,충북,忠北,Chungcheongbuk-do,0,3,0,0,1.69,996,2020년 03월 12일 00시,2021-09-16 10:11:33.897
563,2020-03-12 09:00:00.000,0,114,충남,忠南,Chungcheongnam-do,2,0,2,0,5.37,995,2020년 03월 12일 00시,2021-09-16 10:11:33.897
564,2020-03-12 09:00:00.000,0,7,전북,全北,Jeollabuk-do,0,3,0,0,0.39,994,2020년 03월 12일 00시,2021-09-16 10:11:33.897
565,2020-03-12 09:00:00.000,0,4,전남,全南,Jeollanam-do,0,1,0,0,0.21,993,2020년 03월 12일 00시,2021-09-16 10:11:33.897
566,2020-03-12 09:00:00.000,16,1143,경북,庆北,Gyeongsangbuk-do,8,104,8,0,42.93,992,2020년 03월 12일 00시,2021-09-16 10:11:33.897
567,2020-03-12 09:00:00.000,0,85,경남,庆南,Gyeongsangnam-do,1,5,1,0,2.53,991,2020년 03월 12일 00시,2021-09-16 10:11:33.897
568,2020-03-12 09:00:00.000,0,4,제주,济州,Jeju,0,1,0,0,0.60,990,2020년 03월 12일 00시,2021-09-16 10:11:33.897
569,2020-03-12 09:00:00.000,0,0,검역,隔離區,Lazaretto,0,0,0,0,0.00,989,2020년 03월 12일 00시,2021-09-16 10:11:33.897
570,2020-03-11 09:00:00.000,60,7755,합계,合计,Total,242,272,239,3,14.96,988,2020년 03월 11일 00시,2021-09-16 10:11:33.897
571,2020-03-11 09:00:00.000,0,194,서울,首尔,Seoul,53,19,51,2,1.99,987,2020년 03월 11일 00시,2021-09-16 10:11:33.897
572,2020-03-11 09:00:00.000,0,97,부산,釜山,Busan,2,1,1,1,2.84,986,2020년 03월 11일 00시,2021-09-16 10:11:33.897
573,2020-03-11 09:00:00.000,44,5795,대구,大邱,Daegu,131,117,131,0,237.84,985,2020년 03월 11일 00시,2021-09-16 10:11:33.897
574,2020-03-11 09:00:00.000,0,25,인천,仁川,Incheon,12,2,12,0,0.85,984,2020년 03월 11일 00시,2021-09-16 10:11:33.897
575,2020-03-11 09:00:00.000,0,15,광주,光州,Gwangju,0,6,0,0,1.03,983,2020년 03월 11일 00시,2021-09-16 10:11:33.897
576,2020-03-11 09:00:00.000,0,18,대전,大田,Daejeon,0,1,0,0,1.22,982,2020년 03월 11일 00시,2021-09-16 10:11:33.897
577,2020-03-11 09:00:00.000,0,25,울산,蔚山,Ulsan,1,1,1,0,2.18,981,2020년 03월 11일 00시,2021-09-16 10:11:33.897
578,2020-03-11 09:00:00.000,0,10,세종,世宗,Sejong,2,0,2,0,2.92,980,2020년 03월 11일 00시,2021-09-16 10:11:33.897
579,2020-03-11 09:00:00.000,1,174,경기,京畿,Gyeonggi-do,11,19,11,0,1.31,979,2020년 03월 11일 00시,2021-09-16 10:11:33.897
580,2020-03-11 09:00:00.000,1,29,강원,江原,Gangwon-do,1,4,1,0,1.88,978,2020년 03월 11일 00시,2021-09-16 10:11:33.897
581,2020-03-11 09:00:00.000,0,27,충북,忠北,Chungcheongbuk-do,2,3,2,0,1.69,977,2020년 03월 11일 00시,2021-09-16 10:11:33.897
582,2020-03-11 09:00:00.000,0,112,충남,忠南,Chungcheongnam-do,8,0,8,0,5.28,976,2020년 03월 11일 00시,2021-09-16 10:11:33.897
583,2020-03-11 09:00:00.000,0,7,전북,全北,Jeollabuk-do,0,3,0,0,0.39,975,2020년 03월 11일 00시,2021-09-16 10:11:33.897
584,2020-03-11 09:00:00.000,0,4,전남,全南,Jeollanam-do,0,1,0,0,0.21,974,2020년 03월 11일 00시,2021-09-16 10:11:33.897
585,2020-03-11 09:00:00.000,14,1135,경북,庆北,Gyeongsangbuk-do,18,91,18,0,42.63,973,2020년 03월 11일 00시,2021-09-16 10:11:33.897
586,2020-03-11 09:00:00.000,0,84,경남,庆南,Gyeongsangnam-do,1,3,1,0,2.50,972,2020년 03월 11일 00시,2021-09-16 10:11:33.897
587,2020-03-11 09:00:00.000,0,4,제주,济州,Jeju,0,1,0,0,0.60,971,2020년 03월 11일 00시,2021-09-16 10:11:33.897
588,2020-03-11 09:00:00.000,0,0,검역,隔離區,Lazaretto,0,0,0,0,0.00,970,2020년 03월 11일 00시,2021-09-16 10:11:33.897
589,2020-03-10 09:00:00.000,54,7513,합계,合计,Total,131,232,131,0,14.49,969,2020년 03월 10일 00시,2021-09-16 10:11:33.897
590,2020-03-10 09:00:00.000,0,141,서울,首尔,Seoul,11,18,11,0,1.45,968,2020년 03월 10일 00시,2021-09-16 10:11:33.897
591,2020-03-10 09:00:00.000,0,95,부산,釜山,Busan,0,1,0,0,2.78,967,2020년 03월 10일 00시,2021-09-16 10:11:33.897
592,2020-03-10 09:00:00.000,38,5664,대구,大邱,Daegu,92,85,92,0,232.47,966,2020년 03월 10일 00시,2021-09-16 10:11:33.897
593,2020-03-10 09:00:00.000,0,13,인천,仁川,Incheon,4,1,4,0,0.44,965,2020년 03월 10일 00시,2021-09-16 10:11:33.897
594,2020-03-10 09:00:00.000,0,15,광주,光州,Gwangju,0,6,0,0,1.03,964,2020년 03월 10일 00시,2021-09-16 10:11:33.897
595,2020-03-10 09:00:00.000,0,18,대전,大田,Daejeon,0,1,0,0,1.22,963,2020년 03월 10일 00시,2021-09-16 10:11:33.897
596,2020-03-10 09:00:00.000,0,24,울산,蔚山,Ulsan,0,1,0,0,2.09,962,2020년 03월 10일 00시,2021-09-16 10:11:33.897
597,2020-03-10 09:00:00.000,0,8,세종,世宗,Sejong,2,0,2,0,2.34,961,2020년 03월 10일 00시,2021-09-16 10:11:33.897
598,2020-03-10 09:00:00.000,1,163,경기,京畿,Gyeonggi-do,10,17,10,0,1.23,960,2020년 03월 10일 00시,2021-09-16 10:11:33.897
599,2020-03-10 09:00:00.000,1,28,강원,江原,Gangwon-do,0,2,0,0,1.82,959,2020년 03월 10일 00시,2021-09-16 10:11:33.897
600,2020-03-10 09:00:00.000,0,25,충북,忠北,Chungcheongbuk-do,0,3,0,0,1.56,958,2020년 03월 10일 00시,2021-09-16 10:11:33.897
601,2020-03-10 09:00:00.000,0,104,충남,忠南,Chungcheongnam-do,2,0,2,0,4.90,957,2020년 03월 10일 00시,2021-09-16 10:11:33.897
602,2020-03-10 09:00:00.000,0,7,전북,全北,Jeollabuk-do,0,3,0,0,0.39,956,2020년 03월 10일 00시,2021-09-16 10:11:33.897
603,2020-03-10 09:00:00.000,0,4,전남,全南,Jeollanam-do,0,1,0,0,0.21,955,2020년 03월 10일 00시,2021-09-16 10:11:33.897
604,2020-03-10 09:00:00.000,14,1117,경북,庆北,Gyeongsangbuk-do,10,89,10,0,41.95,954,2020년 03월 10일 00시,2021-09-16 10:11:33.897
605,2020-03-10 09:00:00.000,0,83,경남,庆南,Gyeongsangnam-do,0,3,0,0,2.47,953,2020년 03월 10일 00시,2021-09-16 10:11:33.897
606,2020-03-10 09:00:00.000,0,4,제주,济州,Jeju,0,1,0,0,0.60,952,2020년 03월 10일 00시,2021-09-16 10:11:33.897
607,2020-03-10 09:00:00.000,0,0,검역,隔離區,Lazaretto,0,0,0,0,0.00,951,2020년 03월 10일 00시,2021-09-16 10:11:33.897
